,func,mol_id,mol,ene,ref,ene-ref
0,LDA,21_1,AcNH2,-130276.48376067527,21_1,0.0
1,PBE,21_1,AcNH2,-131193.47352857937,21_1,0.0
2,B3LYP,21_1,AcNH2,-131277.7033562306,21_1,0.0
3,HF,21_1,AcNH2,-130568.58048630795,21_1,0.0
4,CCSD(T),21_1,AcNH2,-131143.6901044351,21_1,0.0
5,CCSD(T) small,21_1,AcNH2,-131147.13707523784,21_1,0.0
6,LDA,21_2,AcNH2,-130276.48456375359,21_1,-0.0008030783210415393
7,PBE,21_2,AcNH2,-131193.47423916377,21_1,-0.000710584397893399
8,B3LYP,21_2,AcNH2,-131277.7049786396,21_1,-0.001622409006813541
9,HF,21_2,AcNH2,-130568.58432618706,21_1,-0.00383987910754513
10,CCSD(T),21_2,AcNH2,-131143.69170632475,21_1,-0.0016018896421883255
11,CCSD(T) small,21_2,AcNH2,-131147.13963714434,21_1,-0.0025619064981583506
12,LDA,23_1,AcNH2,-130276.42064215649,21_1,0.06311851878126618
13,PBE,23_1,AcNH2,-131193.39058711534,21_1,0.0829414640320465
14,B3LYP,23_1,AcNH2,-131277.627826079,21_1,0.07553015160374343
15,HF,23_1,AcNH2,-130568.50350712643,21_1,0.0769791815255303
16,CCSD(T),23_1,AcNH2,-131143.63365840676,21_1,0.056446028349455446
17,CCSD(T) small,23_1,AcNH2,-131147.08930167742,21_1,0.047773560421774164
18,LDA,53_2,AcNH2,-130276.74622836307,21_1,-0.2624676878040191
19,PBE,53_2,AcNH2,-131193.86587275937,21_1,-0.3923441799997818
20,B3LYP,53_2,AcNH2,-131278.2748627454,21_1,-0.5715065147960559
21,HF,53_2,AcNH2,-130569.61230455092,21_1,-1.03181824296189
22,CCSD(T),53_2,AcNH2,-131144.33635973476,21_1,-0.6462552996526938
23,CCSD(T) small,53_2,AcNH2,-131147.8190544715,21_1,-0.681979233660968
24,LDA,62_2,AcNH2,-130276.70428330154,21_1,-0.22052262627403252
25,PBE,62_2,AcNH2,-131193.8482867368,21_1,-0.37475815741345286
26,B3LYP,62_2,AcNH2,-131278.2838559929,21_1,-0.5804997622908559
27,HF,62_2,AcNH2,-130569.72037223907,21_1,-1.139885931115714
28,CCSD(T),62_2,AcNH2,-131144.39488781808,21_1,-0.7047833829710726
29,CCSD(T) small,62_2,AcNH2,-131147.87419567013,21_1,-0.7371204322844278
30,LDA,20_1,AcOH,-142701.6173852193,20_1,0.0
31,PBE,20_1,AcOH,-143662.2780515941,20_1,0.0
32,B3LYP,20_1,AcOH,-143751.5496701949,20_1,0.0
33,HF,20_1,AcOH,-143020.31243015765,20_1,0.0
34,CCSD(T),20_1,AcOH,-143612.59723862287,20_1,0.0
35,CCSD(T) small,20_1,AcOH,-143615.10388363004,20_1,0.0
36,LDA,20_2,AcOH,-142701.6155644566,20_1,0.0018207626999355853
37,PBE,20_2,AcOH,-143662.2789655522,20_1,-0.0009139580943156034
38,B3LYP,20_2,AcOH,-143751.5492704127,20_1,0.00039978217682801187
39,HF,20_2,AcOH,-143020.30672464936,20_1,0.005705508287064731
40,CCSD(T),20_2,AcOH,-143612.59881817343,20_1,-0.0015795505605638027
41,CCSD(T) small,20_2,AcOH,-143615.10322757566,20_1,0.0006560543843079358
42,LDA,22_1,AcOH,-142701.53811433408,20_1,0.07927088520955294
43,PBE,22_1,AcOH,-143662.23084812018,20_1,0.047203473921399564
44,B3LYP,22_1,AcOH,-143751.52958865563,20_1,0.020081539259990677
45,HF,22_1,AcOH,-143020.32197184276,20_1,-0.009541685110889375
46,CCSD(T),22_1,AcOH,-143612.52764897945,20_1,0.06958964341902174
47,CCSD(T) small,22_1,AcOH,-143615.06560237028,20_1,0.0382812597672455
48,LDA,52_2,AcOH,-142702.34484254464,20_1,-0.7274573253525887
49,PBE,52_2,AcOH,-143663.31155436885,20_1,-1.0335027747496497
50,B3LYP,52_2,AcOH,-143752.74049098376,20_1,-1.1908207888773177
51,HF,52_2,AcOH,-143021.9473422242,20_1,-1.6349120665399823
52,CCSD(T),52_2,AcOH,-143613.873183143,20_1,-1.2759445201372728
53,CCSD(T) small,52_2,AcOH,-143616.41304828445,20_1,-1.309164654405322
54,LDA,60_2,AcOH,-142702.33547229337,20_1,-0.7180870740849059
55,PBE,60_2,AcOH,-143663.2935800474,20_1,-1.015528453310253
56,B3LYP,60_2,AcOH,-143752.7264646602,20_1,-1.1767944653111044
57,HF,60_2,AcOH,-143021.92309739077,20_1,-1.6106672331225127
58,CCSD(T),60_2,AcOH,-143613.84981524502,20_1,-1.2525766221515369
59,CCSD(T) small,60_2,AcOH,-143616.38861909066,20_1,-1.2847354606201407
60,LDA,61_2,AcOH,-142702.33312907166,20_1,-0.7157438523718156
61,PBE,61_2,AcOH,-143663.32887891092,20_1,-1.0508273168234155
62,B3LYP,61_2,AcOH,-143752.7691751499,20_1,-1.219504955020966
63,HF,61_2,AcOH,-143022.01254882192,20_1,-1.7001186642737594
64,CCSD(T),61_2,AcOH,-143613.92717168137,20_1,-1.3299330584995914
65,CCSD(T) small,61_2,AcOH,-143616.48633850136,20_1,-1.3824548713164404
66,LDA,63_2,AcOH,-142702.31092883128,20_1,-0.6935436119965743
67,PBE,63_2,AcOH,-143663.30925463312,20_1,-1.0312030390196014
68,B3LYP,63_2,AcOH,-143752.72303090105,20_1,-1.1733607061614748
69,HF,63_2,AcOH,-143021.9023002471,20_1,-1.5898700894613285
70,CCSD(T),63_2,AcOH,-143613.89190136924,20_1,-1.294662746367976
71,CCSD(T) small,63_2,AcOH,-143616.4588807271,20_1,-1.3549970970489085
72,LDA,24_1,Benzene,-144450.63205713243,24_1,0.0
73,PBE,24_1,Benzene,-145603.40747624176,24_1,0.0
74,B3LYP,24_1,Benzene,-145705.98217086712,24_1,0.0
75,HF,24_1,Benzene,-144825.27615734204,24_1,0.0
76,CCSD(T),24_1,Benzene,-145524.17358808414,24_1,0.0
77,CCSD(T) small,24_1,Benzene,-145530.0518834539,24_1,0.0
78,LDA,24_2,Benzene,-144450.631488552,24_1,0.0005685804353561252
79,PBE,24_2,Benzene,-145603.407263079,24_1,0.00021316276979632676
80,B3LYP,24_2,Benzene,-145705.98203607945,24_1,0.00013478766777552664
81,HF,24_2,Benzene,-144825.2760487213,24_1,0.0001086207339540124
82,CCSD(T),24_2,Benzene,-145524.17341332455,24_1,0.00017475959612056613
83,CCSD(T) small,24_2,Benzene,-145530.05190209075,24_1,-1.8636841559782624e-05
84,LDA,27_1,Benzene,-144450.61475229397,24_1,0.017304838460404426
85,PBE,27_1,Benzene,-145603.40631630245,24_1,0.0011599393037613481
86,B3LYP,27_1,Benzene,-145705.97415075125,24_1,0.008020115870749578
87,HF,27_1,Benzene,-144825.25536239464,24_1,0.02079494739882648
88,CCSD(T),27_1,Benzene,-145524.17608767957,24_1,-0.0024995954299811274
89,CCSD(T) small,27_1,Benzene,-145530.03889043955,24_1,0.01299301435938105
90,LDA,28_1,Benzene,-144450.57760235935,24_1,0.05445477308239788
91,PBE,28_1,Benzene,-145603.39366923049,24_1,0.013807011273456737
92,B3LYP,28_1,Benzene,-145705.9588979731,24_1,0.023272894031833857
93,HF,28_1,Benzene,-144825.22416087473,24_1,0.05199646731489338
94,CCSD(T),28_1,Benzene,-145524.16345453818,24_1,0.010133545962162316
95,CCSD(T) small,28_1,Benzene,-145530.0301326939,24_1,0.021750760002760217
96,LDA,30_1,Benzene,-144450.6468242233,24_1,-0.014767090877285227
97,PBE,30_1,Benzene,-145603.4021515023,24_1,0.005324739468051121
98,B3LYP,30_1,Benzene,-145705.98964323557,24_1,-0.0074723684519995
99,HF,30_1,Benzene,-144825.3013061563,24_1,-0.025148814253043383
100,CCSD(T),30_1,Benzene,-145524.17931913177,24_1,-0.005731047625886276
101,CCSD(T) small,30_1,Benzene,-145530.05877055033,24_1,-0.00688709641690366
102,LDA,39_1,Benzene,-144450.60773499066,24_1,0.024322141776792705
103,PBE,39_1,Benzene,-145603.4054484658,24_1,0.002027775946771726
104,B3LYP,39_1,Benzene,-145705.97924544814,24_1,0.002925418986706063
105,HF,39_1,Benzene,-144825.25889241276,24_1,0.01726492927991785
106,CCSD(T),39_1,Benzene,-145524.17930212646,24_1,-0.005714042315958068
107,CCSD(T) small,39_1,Benzene,-145530.04559788184,24_1,0.0062855720752850175
108,LDA,40_1,Benzene,-144450.6160400556,24_1,0.01601707682129927
109,PBE,40_1,Benzene,-145603.41069972466,24_1,-0.003223482897737995
110,B3LYP,40_1,Benzene,-145705.9817162412,24_1,0.0004546259297057986
111,HF,40_1,Benzene,-144825.26604575873,24_1,0.01011158330948092
112,CCSD(T),40_1,Benzene,-145524.1779127093,24_1,-0.004324625158915296
113,CCSD(T) small,40_1,Benzene,-145530.05245586214,24_1,-0.0005724082293454558
114,LDA,47_1,Benzene,-144450.60438249315,24_1,0.027674639277393
115,PBE,47_1,Benzene,-145603.41144180973,24_1,-0.003965567972045392
116,B3LYP,47_1,Benzene,-145705.97688064032,24_1,0.005290226807119325
117,HF,47_1,Benzene,-144825.25519993412,24_1,0.020957407919922844
118,CCSD(T),47_1,Benzene,-145524.17661798236,24_1,-0.003029898216482252
119,CCSD(T) small,47_1,Benzene,-145530.04841355057,24_1,0.0034699033421929926
120,LDA,47_2,Benzene,-144450.59728223394,24_1,0.034774898493196815
121,PBE,47_2,Benzene,-145603.3973054221,24_1,0.010170819645281881
122,B3LYP,47_2,Benzene,-145705.96960712754,24_1,0.012563739583129063
123,HF,47_2,Benzene,-144825.25224539897,24_1,0.023911943077109754
124,CCSD(T),47_2,Benzene,-145524.16909001712,24_1,0.004498067020904273
125,CCSD(T) small,47_2,Benzene,-145530.04333334902,24_1,0.008550104888854548
126,LDA,49_1,Benzene,-144450.5886564522,24_1,0.04340068023884669
127,PBE,49_1,Benzene,-145603.4054544271,24_1,0.002021814667386934
128,B3LYP,49_1,Benzene,-145705.97128469407,24_1,0.010886173055041581
129,HF,49_1,Benzene,-144825.24177268767,24_1,0.034384654369205236
130,CCSD(T),49_1,Benzene,-145524.1748264613,24_1,-0.001238377153640613
131,CCSD(T) small,49_1,Benzene,-145530.0473208796,24_1,0.004562574322335422
132,LDA,50_1,Benzene,-144450.5816810661,24_1,0.0503760663268622
133,PBE,50_1,Benzene,-145603.40469194818,24_1,0.002784293581498787
134,B3LYP,50_1,Benzene,-145705.9727784022,24_1,0.009392464911798015
135,HF,50_1,Benzene,-144825.2455611743,24_1,0.030596167751355097
136,CCSD(T),50_1,Benzene,-145524.17267764002,24_1,0.0009104441269300878
137,CCSD(T) small,50_1,Benzene,-145530.04887740078,24_1,0.003006053128046915
138,LDA,52_1,Benzene,-144450.52957346797,24_1,0.10248366446467116
139,PBE,52_1,Benzene,-145603.38670928095,24_1,0.02076696080621332
140,B3LYP,52_1,Benzene,-145705.9467458755,24_1,0.03542499162722379
141,HF,52_1,Benzene,-144825.19857600864,24_1,0.07758133340394124
142,CCSD(T),52_1,Benzene,-145524.15511721958,24_1,0.018470864568371326
143,CCSD(T) small,52_1,Benzene,-145530.0286825345,24_1,0.02320091941510327
144,LDA,53_1,Benzene,-144450.5465224495,24_1,0.08553468293393962
145,PBE,53_1,Benzene,-145603.39060155657,24_1,0.016874685185030103
146,B3LYP,53_1,Benzene,-145705.9382537519,24_1,0.04391711522475816
147,HF,53_1,Benzene,-144825.17829856294,24_1,0.09785877910326235
148,CCSD(T),53_1,Benzene,-145524.13178810128,24_1,0.041799982864176854
149,CCSD(T) small,53_1,Benzene,-145530.00696741667,24_1,0.044916037237271667
150,LDA,54_1,Benzene,-144450.56664151346,24_1,0.06541561897029169
151,PBE,54_1,Benzene,-145603.4056307554,24_1,0.0018454863457009196
152,B3LYP,54_1,Benzene,-145705.97069597075,24_1,0.011474896367872134
153,HF,54_1,Benzene,-144825.23378444897,24_1,0.04237289307639003
154,CCSD(T),54_1,Benzene,-145524.17333501216,24_1,0.000253071979386732
155,CCSD(T) small,54_1,Benzene,-145530.04471467139,24_1,0.00716878252569586
156,LDA,55_1,Benzene,-144450.56016405098,24_1,0.07189308144734241
157,PBE,55_1,Benzene,-145603.4034344322,24_1,0.0040418095595669
158,B3LYP,55_1,Benzene,-145705.9664392414,24_1,0.015731625724583864
159,HF,55_1,Benzene,-144825.22356060534,24_1,0.05259673669934273
160,CCSD(T),55_1,Benzene,-145524.1696147979,24_1,0.003973286249674857
161,CCSD(T) small,55_1,Benzene,-145530.04369999902,24_1,0.008183454890968278
162,LDA,56_1,Benzene,-144450.5988932224,24_1,0.03316391003318131
163,PBE,56_1,Benzene,-145603.41541854723,24_1,-0.00794230547035113
164,B3LYP,56_1,Benzene,-145705.9787049798,24_1,0.0034658873337320983
165,HF,56_1,Benzene,-144825.24994283947,24_1,0.026214502577204257
166,CCSD(T),56_1,Benzene,-145524.17418471398,24_1,-0.0005966298340354115
167,CCSD(T) small,56_1,Benzene,-145530.05062148263,24_1,0.0012619712797459215
168,LDA,57_1,Benzene,-144450.5722213329,24_1,0.059835799533175305
169,PBE,57_1,Benzene,-145603.424051357,24_1,-0.016575115238083526
170,B3LYP,57_1,Benzene,-145705.969444165,24_1,0.012726702116196975
171,HF,57_1,Benzene,-144825.20718177303,24_1,0.06897556901094504
172,CCSD(T),57_1,Benzene,-145524.17083089869,24_1,0.0027571854589041322
173,CCSD(T) small,57_1,Benzene,-145530.03737181952,24_1,0.014511634391965345
174,LDA,63_1,Benzene,-144450.58758110032,24_1,0.044476032111560926
175,PBE,63_1,Benzene,-145603.4033000838,24_1,0.004176157963229343
176,B3LYP,63_1,Benzene,-145705.96930121983,24_1,0.01286964729661122
177,HF,63_1,Benzene,-144825.24573700063,24_1,0.0304203414125368
178,CCSD(T),63_1,Benzene,-145524.17138291307,24_1,0.002205171069363132
179,CCSD(T) small,63_1,Benzene,-145530.04370401506,24_1,0.008179438853403553
180,LDA,37_1,Cyclopentane,-122224.60436615936,37_1,0.0
181,PBE,37_1,Cyclopentane,-123213.80128648556,37_1,0.0
182,B3LYP,37_1,Cyclopentane,-123304.79031045426,37_1,0.0
183,HF,37_1,Cyclopentane,-122515.75401174245,37_1,0.0
184,CCSD(T),37_1,Cyclopentane,-123164.86788022687,37_1,0.0
185,CCSD(T) small,37_1,Cyclopentane,-123173.34674920609,37_1,0.0
186,LDA,38_1,Cyclopentane,-122224.60873470975,37_1,-0.004368550391518511
187,PBE,38_1,Cyclopentane,-123213.75038783472,37_1,0.05089865083573386
188,B3LYP,38_1,Cyclopentane,-123304.72551782026,37_1,0.06479263400251511
189,HF,38_1,Cyclopentane,-122515.70151892025,37_1,0.05249282220029272
190,CCSD(T),38_1,Cyclopentane,-123164.86122160427,37_1,0.006658622602117248
191,CCSD(T) small,38_1,Cyclopentane,-123173.33929083093,37_1,0.00745837515569292
192,LDA,38_2,Cyclopentane,-122224.60736066644,37_1,-0.00299450708553195
193,PBE,38_2,Cyclopentane,-123213.75274768526,37_1,0.048538800299866125
194,B3LYP,38_2,Cyclopentane,-123304.7255084077,37_1,0.06480204655963462
195,HF,38_2,Cyclopentane,-122515.70486840577,37_1,0.049143336684210226
196,CCSD(T),38_2,Cyclopentane,-123164.86060219606,37_1,0.007278030810994096
197,CCSD(T) small,38_2,Cyclopentane,-123173.33565106253,37_1,0.011098143557319418
198,LDA,39_2,Cyclopentane,-122224.65712077582,37_1,-0.0527546164667001
199,PBE,39_2,Cyclopentane,-123213.77919110093,37_1,0.022095384629210457
200,B3LYP,39_2,Cyclopentane,-123304.72658545386,37_1,0.06372500040743034
201,HF,39_2,Cyclopentane,-122515.67404853315,37_1,0.0799632092966931
202,CCSD(T),39_2,Cyclopentane,-123164.85717301768,37_1,0.010707209192332812
203,CCSD(T) small,39_2,Cyclopentane,-123173.31966209784,37_1,0.02708710824663285
204,LDA,42_2,Cyclopentane,-122224.6104272736,37_1,-0.0060611142398556694
205,PBE,42_2,Cyclopentane,-123213.7692397191,37_1,0.032046766456915066
206,B3LYP,42_2,Cyclopentane,-123304.73438782616,37_1,0.05592262810387183
207,HF,42_2,Cyclopentane,-122515.69344954542,37_1,0.06056219703168608
208,CCSD(T),42_2,Cyclopentane,-123164.84436028491,37_1,0.023519941954873502
209,CCSD(T) small,42_2,Cyclopentane,-123173.32746302689,37_1,0.019286179202026688
210,LDA,30_2,Ethene,-48858.66961156808,30_2,0.0
211,PBE,30_2,Ethene,-49263.513320059355,30_2,0.0
212,B3LYP,30_2,Ethene,-49304.471674101,30_2,0.0
213,HF,30_2,Ethene,-48989.25361406134,30_2,0.0
214,CCSD(T),30_2,Ethene,-49243.59181841456,30_2,0.0
215,CCSD(T) small,30_2,Ethene,-49247.2832811404,30_2,0.0
216,LDA,31_2,Ethene,-48858.667092331794,30_2,0.002519236288208049
217,PBE,31_2,Ethene,-49263.531134116514,30_2,-0.01781405715883011
218,B3LYP,31_2,Ethene,-49304.46428663367,30_2,0.007387467325315811
219,HF,31_2,Ethene,-48989.20787963468,30_2,0.045734426654234994
220,CCSD(T),31_2,Ethene,-49243.59202222754,30_2,-0.00020381297508720309
221,CCSD(T) small,31_2,Ethene,-49247.27218757762,30_2,0.011093562781752553
222,LDA,33_2,Ethene,-48858.66345074363,30_2,0.006160824450489599
223,PBE,33_2,Ethene,-49263.50949762482,30_2,0.003822434533503838
224,B3LYP,33_2,Ethene,-49304.462758538364,30_2,0.008915562633774243
225,HF,33_2,Ethene,-48989.236182090746,30_2,0.017431970591132995
226,CCSD(T),33_2,Ethene,-49243.591947115434,30_2,-0.0001287008708459325
227,CCSD(T) small,33_2,Ethene,-49247.28015429296,30_2,0.0031268474413082004
228,LDA,44_1,Ethene,-48858.675007403624,30_2,-0.005395835542003624
229,PBE,44_1,Ethene,-49263.52046807152,30_2,-0.007148012162360828
230,B3LYP,44_1,Ethene,-49304.47381187821,30_2,-0.002137777213647496
231,HF,44_1,Ethene,-48989.248479518035,30_2,0.0051345433021197096
232,CCSD(T),44_1,Ethene,-49243.59504327798,30_2,-0.003224863416107837
233,CCSD(T) small,44_1,Ethene,-49247.28350522173,30_2,-0.0002240813264506869
234,LDA,64_2,Ethene,-48858.64759079355,30_2,0.022020774529664777
235,PBE,64_2,Ethene,-49263.48628026482,30_2,0.027039794535085093
236,B3LYP,64_2,Ethene,-49304.427094844614,30_2,0.04457925638416782
237,HF,64_2,Ethene,-48989.19400177834,30_2,0.05961228299565846
238,CCSD(T),64_2,Ethene,-49243.574261508125,30_2,0.017556906437675934
239,CCSD(T) small,64_2,Ethene,-49247.25634149536,30_2,0.026939645038510207
240,LDA,32_2,Ethyne,-48085.40525004985,32_2,0.0
241,PBE,32_2,Ethyne,-48479.361060615665,32_2,0.0
242,B3LYP,32_2,Ethyne,-48517.944649696656,32_2,0.0
243,HF,32_2,Ethyne,-48226.13605813049,32_2,0.0
244,CCSD(T),32_2,Ethyne,-48456.9898431694,32_2,0.0
245,CCSD(T) small,32_2,Ethyne,-48459.73877436388,32_2,0.0
246,LDA,45_1,Ethyne,-48085.413523739655,32_2,-0.008273689803900197
247,PBE,45_1,Ethyne,-48479.36198122532,32_2,-0.0009206096510752104
248,B3LYP,45_1,Ethyne,-48517.97966781532,32_2,-0.035018118665902875
249,HF,45_1,Ethyne,-48226.226666237926,32_2,-0.0906081074354006
250,CCSD(T),45_1,Ethyne,-48457.01650803089,32_2,-0.02666486148518743
251,CCSD(T) small,45_1,Ethyne,-48459.77674337816,32_2,-0.03796901427995181
252,LDA,50_2,Ethyne,-48085.41767988027,32_2,-0.01242983042175183
253,PBE,50_2,Ethyne,-48479.36641070625,32_2,-0.005350090585125145
254,B3LYP,50_2,Ethyne,-48517.957301098395,32_2,-0.01265140173927648
255,HF,50_2,Ethyne,-48226.16677967337,32_2,-0.030721542876563035
256,CCSD(T),50_2,Ethyne,-48457.00683595064,32_2,-0.016992781238514
257,CCSD(T) small,50_2,Ethyne,-48459.75283808663,32_2,-0.014063722745049745
258,LDA,51_1,Ethyne,-48085.42231963746,32_2,-0.017069587607693393
259,PBE,51_1,Ethyne,-48479.3667873963,32_2,-0.005726780633267481
260,B3LYP,51_1,Ethyne,-48517.986758850224,32_2,-0.04210915356816258
261,HF,51_1,Ethyne,-48226.24007409453,32_2,-0.1040159640397178
262,CCSD(T),51_1,Ethyne,-48457.02006302363,32_2,-0.030219854226743337
263,CCSD(T) small,51_1,Ethyne,-48459.77971805614,32_2,-0.040943692256405484
264,LDA,51_2,Ethyne,-48085.427684223345,32_2,-0.022434173493820708
265,PBE,51_2,Ethyne,-48479.371252833145,32_2,-0.010192217479925603
266,B3LYP,51_2,Ethyne,-48517.976190570196,32_2,-0.031540873540507164
267,HF,51_2,Ethyne,-48226.20972842595,32_2,-0.07367029546003323
268,CCSD(T),51_2,Ethyne,-48457.015991219414,32_2,-0.026148050012125168
269,CCSD(T) small,51_2,Ethyne,-48459.76707757295,32_2,-0.028303209066507407
270,LDA,59_1,Ethyne,-48085.431114531246,32_2,-0.02586448139481945
271,PBE,59_1,Ethyne,-48479.37367417897,32_2,-0.01261356330360286
272,B3LYP,59_1,Ethyne,-48517.9449309435,32_2,-0.0002812468446791172
273,HF,59_1,Ethyne,-48226.132146904296,32_2,0.003911226194759365
274,CCSD(T),59_1,Ethyne,-48456.99998292763,32_2,-0.010139758225705009
275,CCSD(T) small,59_1,Ethyne,-48459.73251991598,32_2,0.006254447900573723
276,LDA,60_1,Ethyne,-48085.39412122139,32_2,0.011128828460641671
277,PBE,60_1,Ethyne,-48479.35359364371,32_2,0.007466971954272594
278,B3LYP,60_1,Ethyne,-48517.91369541292,32_2,0.030954283734899946
279,HF,60_1,Ethyne,-48226.06635352849,32_2,0.06970460199954687
280,CCSD(T),60_1,Ethyne,-48456.96549988077,32_2,0.024343288634554483
281,CCSD(T) small,60_1,Ethyne,-48459.702930514024,32_2,0.035843849858792964
282,LDA,65_2,Ethyne,-48085.4267018674,32_2,-0.021451817548950203
283,PBE,65_2,Ethyne,-48479.36448715855,32_2,-0.003426542883971706
284,B3LYP,65_2,Ethyne,-48517.88305732794,32_2,0.06159236871462781
285,HF,65_2,Ethyne,-48225.99965642288,32_2,0.13640170761209447
286,CCSD(T),65_2,Ethyne,-48456.96122376157,32_2,0.028619407828955445
287,CCSD(T) small,65_2,Ethyne,-48459.663672420334,32_2,0.0751019435483613
288,LDA,03_2,MeNH2,-59645.54790237715,56_2,0.033797311574744526
289,PBE,03_2,MeNH2,-60098.89220672191,56_2,-0.009625205770134926
290,B3LYP,03_2,MeNH2,-60143.48773036108,56_2,-0.05660955563507741
291,HF,03_2,MeNH2,-59777.34171283332,56_2,-0.07441426302102627
292,CCSD(T),03_2,MeNH2,-60081.34280164402,56_2,-0.025838691028184257
293,CCSD(T) small,03_2,MeNH2,-60085.29687205361,56_2,-0.041008513304404914
294,LDA,06_2,MeNH2,-59645.52368709912,56_2,0.05801258960127598
295,PBE,06_2,MeNH2,-60098.87866031265,56_2,0.003921203489881009
296,B3LYP,06_2,MeNH2,-60143.48027562544,56_2,-0.0491548200006946
297,HF,06_2,MeNH2,-59777.33906094288,56_2,-0.07176237258681795
298,CCSD(T),06_2,MeNH2,-60081.34272609266,56_2,-0.02576313966710586
299,CCSD(T) small,06_2,MeNH2,-60085.29778883549,56_2,-0.04192529518331867
300,LDA,09_1,MeNH2,-59645.61777872671,56_2,-0.036079037985473406
301,PBE,09_1,MeNH2,-60098.89814327679,56_2,-0.015561760650598444
302,B3LYP,09_1,MeNH2,-60143.4510782246,56_2,-0.019957419157435652
303,HF,09_1,MeNH2,-59777.29025338304,56_2,-0.022954812746320385
304,CCSD(T),09_1,MeNH2,-60081.3194850758,56_2,-0.0025221228061127476
305,CCSD(T) small,09_1,MeNH2,-60085.25616267098,56_2,-0.00029913067555753514
306,LDA,10_1,MeNH2,-59645.64774312447,56_2,-0.06604343574872473
307,PBE,10_1,MeNH2,-60098.926060006765,56_2,-0.04347849062469322
308,B3LYP,10_1,MeNH2,-60143.45866975589,56_2,-0.027548950449272525
309,HF,10_1,MeNH2,-59777.25163917018,56_2,0.01565940011641942
310,CCSD(T),10_1,MeNH2,-60081.311513340435,56_2,0.005449612559459638
311,CCSD(T) small,10_1,MeNH2,-60085.24163384302,56_2,0.014229697284463327
312,LDA,10_2,MeNH2,-59645.540665134045,56_2,0.04103455467702588
313,PBE,10_2,MeNH2,-60098.89512122234,56_2,-0.012539706200186629
314,B3LYP,10_2,MeNH2,-60143.472486054205,56_2,-0.04136524876230396
315,HF,10_2,MeNH2,-59777.30664526741,56_2,-0.03934669711452443
316,CCSD(T),10_2,MeNH2,-60081.331848516405,56_2,-0.014885563410643954
317,CCSD(T) small,10_2,MeNH2,-60085.283327589605,56_2,-0.027464049300760962
318,LDA,11_1,MeNH2,-59645.60871789714,56_2,-0.02701820842048619
319,PBE,11_1,MeNH2,-60098.90071315258,56_2,-0.01813163643964799
320,B3LYP,11_1,MeNH2,-60143.43654299612,56_2,-0.005422190675744787
321,HF,11_1,MeNH2,-59777.24109655503,56_2,0.026202015265880618
322,CCSD(T),11_1,MeNH2,-60081.29912009344,56_2,0.017842859553638846
323,CCSD(T) small,11_1,MeNH2,-60085.23570312392,56_2,0.020160416381258983
324,LDA,12_1,MeNH2,-59645.50007554174,56_2,0.08162414698017528
325,PBE,12_1,MeNH2,-60098.86938933233,56_2,0.013192183811042923
326,B3LYP,12_1,MeNH2,-60143.47574480278,56_2,-0.044623997338931076
327,HF,12_1,MeNH2,-59777.33067794205,56_2,-0.063379371757037
328,CCSD(T),12_1,MeNH2,-60081.335214317,56_2,-0.01825136400293559
329,CCSD(T) small,12_1,MeNH2,-60085.29671837812,56_2,-0.04085483781818766
330,LDA,14_2,MeNH2,-59645.499512546055,56_2,0.08218714266695315
331,PBE,14_2,MeNH2,-60098.87782661216,56_2,0.004754903980938252
332,B3LYP,14_2,MeNH2,-60143.46302374821,56_2,-0.03190294277010253
333,HF,14_2,MeNH2,-59777.29534701315,56_2,-0.02804844285128638
334,CCSD(T),14_2,MeNH2,-60081.33276517279,56_2,-0.015802219793840777
335,CCSD(T) small,14_2,MeNH2,-60085.29087042666,56_2,-0.035006886355404276
336,LDA,56_2,MeNH2,-59645.58169968872,56_2,0.0
337,PBE,56_2,MeNH2,-60098.88258151614,56_2,0.0
338,B3LYP,56_2,MeNH2,-60143.43112080544,56_2,0.0
339,HF,56_2,MeNH2,-59777.267298570296,56_2,0.0
340,CCSD(T),56_2,MeNH2,-60081.316962952995,56_2,0.0
341,CCSD(T) small,56_2,MeNH2,-60085.255863540304,56_2,0.0
342,LDA,66_1,MeNH2,-59645.614082043794,56_2,-0.03238235507160425
343,PBE,66_1,MeNH2,-60098.907515661595,56_2,-0.02493414545460837
344,B3LYP,66_1,MeNH2,-60143.4475330209,56_2,-0.016412215460150037
345,HF,66_1,MeNH2,-59777.259518286104,56_2,0.007780284191539977
346,CCSD(T),66_1,MeNH2,-60081.31451148702,56_2,0.0024514659744454548
347,CCSD(T) small,66_1,MeNH2,-60085.24804535492,56_2,0.00781818538234802
348,LDA,02_2,MeOH,-72067.99620796481,55_2,0.15965577654424123
349,PBE,02_2,MeOH,-72564.84115547403,55_2,-0.00829998217523098
350,B3LYP,02_2,MeOH,-72614.95675743015,55_2,-0.05622175878670532
351,HF,02_2,MeOH,-72226.050134129,55_2,0.0044056985643692315
352,CCSD(T),02_2,MeOH,-72546.7410006766,55_2,-0.015504908878938295
353,CCSD(T) small,02_2,MeOH,-72549.64235730706,55_2,-0.05488687165779993
354,LDA,05_1,MeOH,-72068.19666480216,55_2,-0.040801060808007605
355,PBE,05_1,MeOH,-72564.8311904754,55_2,0.0016650164616294205
356,B3LYP,05_1,MeOH,-72614.8589932785,55_2,0.04154239286435768
357,HF,05_1,MeOH,-72225.9249475315,55_2,0.12959229605621658
358,CCSD(T),05_1,MeOH,-72546.66957257486,55_2,0.05592319286370184
359,CCSD(T) small,05_1,MeOH,-72549.52565241662,55_2,0.06181801878847182
360,LDA,05_2,MeOH,-72068.00671976956,55_2,0.14914397179381922
361,PBE,05_2,MeOH,-72564.84242717162,55_2,-0.009571679765940644
362,B3LYP,05_2,MeOH,-72614.96179169846,55_2,-0.06125602709653322
363,HF,05_2,MeOH,-72226.06758523843,55_2,-0.013045410873019136
364,CCSD(T),05_2,MeOH,-72546.74796602265,55_2,-0.022470254931249656
365,CCSD(T) small,05_2,MeOH,-72549.64323995278,55_2,-0.05576951737748459
366,LDA,06_1,MeOH,-72068.2002817922,55_2,-0.04441805084934458
367,PBE,06_1,MeOH,-72564.76878279203,55_2,0.06407269982446451
368,B3LYP,06_1,MeOH,-72614.71183052193,55_2,0.18870514942682348
369,HF,06_1,MeOH,-72225.617421175,55_2,0.43711865255318116
370,CCSD(T),06_1,MeOH,-72546.50365513413,55_2,0.22184063358872663
371,CCSD(T) small,06_1,MeOH,-72549.38090799387,55_2,0.206562441540882
372,LDA,07_1,MeOH,-72068.19173244033,55_2,-0.035868698978447355
373,PBE,07_1,MeOH,-72564.79750266309,55_2,0.03535282876691781
374,B3LYP,07_1,MeOH,-72614.77129038445,55_2,0.12924528690928128
375,HF,07_1,MeOH,-72225.72880427526,55_2,0.32573555229464546
376,CCSD(T),07_1,MeOH,-72546.57819075622,55_2,0.14730501150188502
377,CCSD(T) small,07_1,MeOH,-72549.43078977609,55_2,0.1566806593182264
378,LDA,08_1,MeOH,-72068.1801589005,55_2,-0.02429515914991498
379,PBE,08_1,MeOH,-72564.82210084343,55_2,0.010754648421425372
380,B3LYP,08_1,MeOH,-72614.86822127487,55_2,0.03231439649243839
381,HF,08_1,MeOH,-72225.97952021241,55_2,0.07501961514935829
382,CCSD(T),08_1,MeOH,-72546.68777129137,55_2,0.037724476351286285
383,CCSD(T) small,08_1,MeOH,-72549.55106352709,55_2,0.03640690831525717
384,LDA,09_2,MeOH,-72068.07467125368,55_2,0.08119248767616227
385,PBE,09_2,MeOH,-72564.8509142752,55_2,-0.018058783345622942
386,B3LYP,09_2,MeOH,-72614.95447074647,55_2,-0.05393507510598283
387,HF,09_2,MeOH,-72226.09348693075,55_2,-0.03894710319582373
388,CCSD(T),09_2,MeOH,-72546.75831611987,55_2,-0.0328203521494288
389,CCSD(T) small,09_2,MeOH,-72549.6428074777,55_2,-0.055337042300379835
390,LDA,13_2,MeOH,-72068.03736745534,55_2,0.11849628601339646
391,PBE,13_2,MeOH,-72564.85818816448,55_2,-0.025332672623335384
392,B3LYP,13_2,MeOH,-72614.97910977725,55_2,-0.07857410589349456
393,HF,13_2,MeOH,-72226.09890654868,55_2,-0.04436672112205997
394,CCSD(T),13_2,MeOH,-72546.75939831155,55_2,-0.033902543829753995
395,CCSD(T) small,13_2,MeOH,-72549.64324685531,55_2,-0.05577641990385018
396,LDA,19_1,MeOH,-72068.17421807861,55_2,-0.018354337255004793
397,PBE,19_1,MeOH,-72564.76480900378,55_2,0.068046488071559
398,B3LYP,19_1,MeOH,-72614.71357880805,55_2,0.18695686331193428
399,HF,19_1,MeOH,-72225.63032709197,55_2,0.42421273558284156
400,CCSD(T),19_1,MeOH,-72546.51799069117,55_2,0.20750507655611727
401,CCSD(T) small,19_1,MeOH,-72549.40046832913,55_2,0.1870021062786691
402,LDA,55_2,MeOH,-72068.15586374135,55_2,0.0
403,PBE,55_2,MeOH,-72564.83285549186,55_2,0.0
404,B3LYP,55_2,MeOH,-72614.90053567136,55_2,0.0
405,HF,55_2,MeOH,-72226.05453982756,55_2,0.0
406,CCSD(T),55_2,MeOH,-72546.72549576772,55_2,0.0
407,CCSD(T) small,55_2,MeOH,-72549.5874704354,55_2,0.0
408,LDA,36_1,Neopentane,-122966.71055240193,36_1,0.0
409,PBE,36_1,Neopentane,-123969.8307673841,36_1,0.0
410,B3LYP,36_1,Neopentane,-124066.31128960637,36_1,0.0
411,HF,36_1,Neopentane,-123252.95395006797,36_1,0.0
412,CCSD(T),36_1,Neopentane,-123928.35791246321,36_1,0.0
413,CCSD(T) small,36_1,Neopentane,-123938.20515225992,36_1,0.0
414,LDA,36_2,Neopentane,-122966.71073889581,36_1,-0.00018649388221092522
415,PBE,36_2,Neopentane,-123969.83089771647,36_1,-0.00013033236609771848
416,B3LYP,36_2,Neopentane,-124066.31139628188,36_1,-0.00010667550668586046
417,HF,36_2,Neopentane,-123252.95393839641,36_1,1.1671552783809602e-05
418,CCSD(T),36_2,Neopentane,-123928.35781846325,36_1,9.399995906278491e-05
419,CCSD(T) small,36_2,Neopentane,-123938.2051569662,36_1,-4.706278559751809e-06
420,LDA,37_2,Neopentane,-122966.7398419202,36_1,-0.0292895182792563
421,PBE,37_2,Neopentane,-123969.86085144668,36_1,-0.030084062571404502
422,B3LYP,37_2,Neopentane,-124066.32958313858,36_1,-0.0182935322081903
423,HF,37_2,Neopentane,-123252.94965556293,36_1,0.004294505037250929
424,CCSD(T),37_2,Neopentane,-123928.35742319911,36_1,0.0004892641009064391
425,CCSD(T) small,37_2,Neopentane,-123938.19394944886,36_1,0.011202811059774831
426,LDA,40_2,Neopentane,-122966.729549114,36_1,-0.018996712067746557
427,PBE,40_2,Neopentane,-123969.82504825901,36_1,0.005719125096220523
428,B3LYP,40_2,Neopentane,-124066.28527094747,36_1,0.02601865890028421
429,HF,40_2,Neopentane,-123252.91320441567,36_1,0.040745652295299806
430,CCSD(T),40_2,Neopentane,-123928.35141774442,36_1,0.006494718792964704
431,CCSD(T) small,40_2,Neopentane,-123938.19255545095,36_1,0.012596808970556594
432,LDA,43_2,Neopentane,-122966.74912055607,36_1,-0.03856815413746517
433,PBE,43_2,Neopentane,-123969.85289106914,36_1,-0.022123685033875518
434,B3LYP,43_2,Neopentane,-124066.29906766767,36_1,0.012221938697621226
435,HF,43_2,Neopentane,-123252.89466929481,36_1,0.05928077315911651
436,CCSD(T),43_2,Neopentane,-123928.34546361945,36_1,0.01244884375773836
437,CCSD(T) small,43_2,Neopentane,-123938.17011788892,36_1,0.03503437100152951
438,LDA,35_1,Neopentane,-122966.70063088923,36_1,0.0099215126974741
439,PBE,35_1,Neopentane,-123969.81297522679,36_1,0.017792157319490798
440,B3LYP,35_1,Neopentane,-124066.29372987615,36_1,0.017559730214998126
441,HF,35_1,Neopentane,-123252.94646282768,36_1,0.007487240291084163
442,CCSD(T),35_1,Neopentane,-123928.35749680521,36_1,0.0004156579962000251
443,CCSD(T) small,35_1,Neopentane,-123938.20729060189,36_1,-0.0021383419662015513
444,LDA,34_1,Pentane,-122962.56354979447,34_1,0.0
445,PBE,34_1,Pentane,-123968.39645070759,34_1,0.0
446,B3LYP,34_1,Pentane,-124065.62123942908,34_1,0.0
447,HF,34_1,Pentane,-123252.83902716055,34_1,0.0
448,CCSD(T),34_1,Pentane,-123924.78439444824,34_1,0.0
449,CCSD(T) small,34_1,Pentane,-123934.64300102254,34_1,0.0
450,LDA,34_2,Pentane,-122962.56348861291,34_1,6.11815630691126e-05
451,PBE,34_2,Pentane,-123968.39682658188,34_1,-0.0003758742968784645
452,B3LYP,34_2,Pentane,-124065.62174513376,34_1,-0.0005057046801084653
453,HF,34_2,Pentane,-123252.83967750464,34_1,-0.0006503440963570029
454,CCSD(T),34_2,Pentane,-123924.78467569507,34_1,-0.000281246830127202
455,CCSD(T) small,34_2,Pentane,-123934.64311033356,34_1,-0.0001093110186047852
456,LDA,41_2,Pentane,-122962.51163898128,34_1,0.0519108131993562
457,PBE,41_2,Pentane,-123968.34803439588,34_1,0.0484163117071148
458,B3LYP,41_2,Pentane,-124065.56144146796,34_1,0.05979796111932956
459,HF,41_2,Pentane,-123252.78561347767,34_1,0.05341368287918158
460,CCSD(T),41_2,Pentane,-123924.7335272353,34_1,0.05086721295083407
461,CCSD(T) small,41_2,Pentane,-123934.66393370686,34_1,-0.020932684317813255
462,LDA,44_2,Pentane,-122962.56107460888,34_1,0.0024751855962676927
463,PBE,44_2,Pentane,-123968.38746775115,34_1,0.008982956438558176
464,B3LYP,44_2,Pentane,-124065.61341277242,34_1,0.007826656656106934
465,HF,44_2,Pentane,-123252.83232536574,34_1,0.006701794802211225
466,CCSD(T),44_2,Pentane,-123924.7816770465,34_1,0.0027174017450306565
467,CCSD(T) small,44_2,Pentane,-123934.6410978687,34_1,0.00190315383952111
468,LDA,45_2,Pentane,-122962.53822753839,34_1,0.02532225608592853
469,PBE,45_2,Pentane,-123968.3301311078,34_1,0.06631959979131352
470,B3LYP,45_2,Pentane,-124065.55703633414,34_1,0.06420309493842069
471,HF,45_2,Pentane,-123252.78185253845,34_1,0.057174622095772065
472,CCSD(T),45_2,Pentane,-123924.74937394506,34_1,0.03502050318638794
473,CCSD(T) small,45_2,Pentane,-123934.62158459616,34_1,0.02141642638889607
474,LDA,46_2,Pentane,-122962.52268723835,34_1,0.04086255612492096
475,PBE,46_2,Pentane,-123968.33845675483,34_1,0.057993952752440237
476,B3LYP,46_2,Pentane,-124065.55067841099,34_1,0.07056101808848325
477,HF,46_2,Pentane,-123252.77940358249,34_1,0.059623578054015525
478,CCSD(T),46_2,Pentane,-123924.75540845316,34_1,0.02898599508625921
479,CCSD(T) small,46_2,Pentane,-123934.62035763953,34_1,0.022643383010290563
480,LDA,61_1,Pentane,-122962.48815022624,34_1,0.07539956823165994
481,PBE,61_1,Pentane,-123968.33402877991,34_1,0.062421927679679357
482,B3LYP,61_1,Pentane,-124065.56119893804,34_1,0.060040491036488675
483,HF,61_1,Pentane,-123252.80608720629,34_1,0.032939954253379256
484,CCSD(T),61_1,Pentane,-123924.75097608572,34_1,0.033418362523661926
485,CCSD(T) small,61_1,Pentane,-123934.62896252541,34_1,0.014038497130968608
486,LDA,62_1,Pentane,-122962.54097976655,34_1,0.02257002792612184
487,PBE,62_1,Pentane,-123968.36659304811,34_1,0.02985765947960317
488,B3LYP,62_1,Pentane,-124065.57737276511,34_1,0.04386666396749206
489,HF,62_1,Pentane,-123252.78316791024,34_1,0.05585925030754879
490,CCSD(T),62_1,Pentane,-123924.75295610868,34_1,0.031438339559827
491,CCSD(T) small,62_1,Pentane,-123934.61684098722,34_1,0.026160035326029174
492,LDA,35_2,Pentane,-122962.56103294269,34_1,0.0025168517895508558
493,PBE,35_2,Pentane,-123968.39567166261,34_1,0.000779044974478893
494,B3LYP,35_2,Pentane,-124065.61900928341,34_1,0.0022301456629065797
495,HF,35_2,Pentane,-123252.83912059575,34_1,-9.343519923277199e-05
496,CCSD(T),35_2,Pentane,-123924.78648830025,34_1,-0.002093852002872154
497,CCSD(T) small,35_2,Pentane,-123934.64240213367,34_1,0.0005988888733554631
498,LDA,04_2,Peptide,-154719.96478014416,57_2,-0.013801865745335817
499,PBE,04_2,Peptide,-155833.43066713735,57_2,0.00119664819794707
500,B3LYP,04_2,Peptide,-155936.02140682616,57_2,0.021081214275909588
501,HF,04_2,Peptide,-155068.62929343866,57_2,0.14680357385077514
502,CCSD(T),04_2,Peptide,-155773.57761425065,57_2,0.06704907203675248
503,CCSD(T) small,04_2,Peptide,-155778.79681077763,57_2,0.06266866184887476
504,LDA,07_2,Peptide,-154719.5121539472,57_2,0.4388243312132545
505,PBE,07_2,Peptide,-155833.18044824532,57_2,0.2514155402313918
506,B3LYP,07_2,Peptide,-155935.936818606,57_2,0.10566943444428034
507,HF,07_2,Peptide,-155068.85059203516,57_2,-0.0744950226508081
508,CCSD(T),07_2,Peptide,-155773.6505577094,57_2,-0.0058943867043126374
509,CCSD(T) small,07_2,Peptide,-155778.8208710624,57_2,0.038608377071795985
510,LDA,11_2,Peptide,-154719.59984422845,57_2,0.3511340499680955
511,PBE,11_2,Peptide,-155833.2799186404,57_2,0.15194514516042545
512,B3LYP,11_2,Peptide,-155936.03665891406,57_2,0.005829126370372251
513,HF,11_2,Peptide,-155068.975016844,57_2,-0.19891983148409054
514,CCSD(T),11_2,Peptide,-155773.74678661217,57_2,-0.10212328948546201
515,CCSD(T) small,11_2,Peptide,-155778.93135683337,57_2,-0.07187739390064962
516,LDA,13_1,Peptide,-154719.55142942275,57_2,0.3995488556683995
517,PBE,13_1,Peptide,-155833.22628075068,57_2,0.2055830348690506
518,B3LYP,13_1,Peptide,-155935.9996825468,57_2,0.0428054936346598
519,HF,13_1,Peptide,-155068.95257237946,57_2,-0.17647536695585586
520,CCSD(T),13_1,Peptide,-155773.69216994333,57_2,-0.04750662064179778
521,CCSD(T) small,13_1,Peptide,-155778.80781504672,57_2,0.0516643927549012
522,LDA,14_1,Peptide,-154719.52659479924,57_2,0.42438347917050123
523,PBE,14_1,Peptide,-155833.157843391,57_2,0.27402039454318583
524,B3LYP,14_1,Peptide,-155935.86455623902,57_2,0.17793180141597986
525,HF,14_1,Peptide,-155068.6909471144,57_2,0.08514989810646512
526,CCSD(T),14_1,Peptide,-155773.56897937012,57_2,0.0756839525711257
527,CCSD(T) small,14_1,Peptide,-155778.6682775811,57_2,0.19120185836800374
528,LDA,15_1,Peptide,-154720.00868715657,57_2,-0.057708878157427534
529,PBE,15_1,Peptide,-155833.41246710307,57_2,0.019396682473598048
530,B3LYP,15_1,Peptide,-155935.91276315297,57_2,0.12972488746163435
531,HF,15_1,Peptide,-155068.41908470268,57_2,0.35701230983249843
532,CCSD(T),15_1,Peptide,-155773.48448602844,57_2,0.1601772942522075
533,CCSD(T) small,15_1,Peptide,-155778.69534981754,57_2,0.16412962193135172
534,LDA,15_2,Peptide,-154719.90312897842,57_2,0.047849299997324124
535,PBE,15_2,Peptide,-155833.39483207252,57_2,0.03703171302913688
536,B3LYP,15_2,Peptide,-155935.99843663958,57_2,0.04405140085145831
537,HF,15_2,Peptide,-155068.64484553575,57_2,0.13125147676328197
538,CCSD(T),15_2,Peptide,-155773.56625820335,57_2,0.07840511933318339
539,CCSD(T) small,15_2,Peptide,-155778.79214874408,57_2,0.06733069539768621
540,LDA,16_1,Peptide,-154720.05559382157,57_2,-0.10461554315406829
541,PBE,16_1,Peptide,-155833.47485934987,57_2,-0.042995564319426194
542,B3LYP,16_1,Peptide,-155936.02753276145,57_2,0.01495527898077853
543,HF,16_1,Peptide,-155068.6399537106,57_2,0.13614330190466717
544,CCSD(T),16_1,Peptide,-155773.59493057244,57_2,0.04973275025258772
545,CCSD(T) small,16_1,Peptide,-155778.8131739851,57_2,0.04630545436521061
546,LDA,46_1,Peptide,-154719.95826735327,57_2,-0.007289074856089428
547,PBE,46_1,Peptide,-155833.4658113841,57_2,-0.03394759856746532
548,B3LYP,46_1,Peptide,-155936.08431682567,57_2,-0.04182878523715772
549,HF,46_1,Peptide,-155068.82775406347,57_2,-0.051657050964422524
550,CCSD(T),46_1,Peptide,-155773.6580522287,57_2,-0.013388906023465097
551,CCSD(T) small,46_1,Peptide,-155778.86816163373,57_2,-0.00868219425319694
552,LDA,57_2,Peptide,-154719.95097827842,57_2,0.0
553,PBE,57_2,Peptide,-155833.43186378555,57_2,0.0
554,B3LYP,57_2,Peptide,-155936.04248804043,57_2,0.0
555,HF,57_2,Peptide,-155068.7760970125,57_2,0.0
556,CCSD(T),57_2,Peptide,-155773.6446633227,57_2,0.0
557,CCSD(T) small,57_2,Peptide,-155778.85947943947,57_2,0.0
558,LDA,64_1,Peptide,-154719.86317987842,57_2,0.08779839999624528
559,PBE,64_1,Peptide,-155833.394673377,57_2,0.03719040853320621
560,B3LYP,64_1,Peptide,-155936.0568778765,57_2,-0.014389836054760963
561,HF,64_1,Peptide,-155068.87751938115,57_2,-0.10142236863612197
562,CCSD(T),64_1,Peptide,-155773.6713031468,57_2,-0.026639824121957645
563,CCSD(T) small,64_1,Peptide,-155778.88569438132,57_2,-0.02621494184131734
564,LDA,18_2,Pyridine,-154475.46765733595,25_1,-0.026817721198312938
565,PBE,18_2,Pyridine,-155667.8179039032,25_1,0.024153029720764607
566,B3LYP,18_2,Pyridine,-155772.03252083005,25_1,-0.027265695622190833
567,HF,18_2,Pyridine,-154864.42964566604,25_1,-0.07312781913788058
568,CCSD(T),18_2,Pyridine,-155585.23373499763,25_1,0.004080840270034969
569,CCSD(T) small,18_2,Pyridine,-155590.32360397204,25_1,0.005997108935844153
570,LDA,19_2,Pyridine,-154475.46642404154,25_1,-0.02558442679583095
571,PBE,19_2,Pyridine,-155667.81538705144,25_1,0.026669881481211632
572,B3LYP,19_2,Pyridine,-155772.0314371951,25_1,-0.02618206068291329
573,HF,19_2,Pyridine,-154864.42736494364,25_1,-0.07084709673654288
574,CCSD(T),19_2,Pyridine,-155585.22975091834,25_1,0.008064919558819383
575,CCSD(T) small,19_2,Pyridine,-155590.31959880865,25_1,0.010002272319979966
576,LDA,25_1,Pyridine,-154475.44083961475,25_1,0.0
577,PBE,25_1,Pyridine,-155667.84205693292,25_1,0.0
578,B3LYP,25_1,Pyridine,-155772.00525513443,25_1,0.0
579,HF,25_1,Pyridine,-154864.3565178469,25_1,0.0
580,CCSD(T),25_1,Pyridine,-155585.2378158379,25_1,0.0
581,CCSD(T) small,25_1,Pyridine,-155590.32960108097,25_1,0.0
582,LDA,25_2,Pyridine,-154475.43988104115,25_1,0.0009585735970176756
583,PBE,25_2,Pyridine,-155667.83831613653,25_1,0.003740796382771805
584,B3LYP,25_2,Pyridine,-155772.00251897034,25_1,0.0027361640823073685
585,HF,25_2,Pyridine,-154864.358310874,25_1,-0.0017930270987562835
586,CCSD(T),25_2,Pyridine,-155585.24117203767,25_1,-0.003356199769768864
587,CCSD(T) small,25_2,Pyridine,-155590.32949791948,25_1,0.0001031614956445992
588,LDA,27_2,Pyridine,-154475.45766328392,25_1,-0.016823669167933986
589,PBE,27_2,Pyridine,-155667.83824698572,25_1,0.003809947200352326
590,B3LYP,27_2,Pyridine,-155772.01214486637,25_1,-0.0068897319433745
591,HF,27_2,Pyridine,-154864.3878676458,25_1,-0.03134979889728129
592,CCSD(T),27_2,Pyridine,-155585.24270753755,25_1,-0.004891699645668268
593,CCSD(T) small,27_2,Pyridine,-155590.33357191994,25_1,-0.003970838966779411
594,LDA,29_1,Pyridine,-154475.38223196403,25_1,0.0586076507170219
595,PBE,29_1,Pyridine,-155667.83309926486,25_1,0.00895766806206666
596,B3LYP,29_1,Pyridine,-155771.9808771449,25_1,0.024377989524509758
597,HF,29_1,Pyridine,-154864.27813607067,25_1,0.07838177622761577
598,CCSD(T),29_1,Pyridine,-155585.22390491213,25_1,0.013910925772506744
599,CCSD(T) small,29_1,Pyridine,-155590.30555654652,25_1,0.024044534453423694
600,LDA,33_1,Pyridine,-154475.48949657386,25_1,-0.0486569591157604
601,PBE,33_1,Pyridine,-155667.8415632136,25_1,0.0004937193298246711
602,B3LYP,33_1,Pyridine,-155772.0277823039,25_1,-0.022527169465320185
603,HF,33_1,Pyridine,-154864.42960318408,25_1,-0.07308533717878163
604,CCSD(T),33_1,Pyridine,-155585.25380568107,25_1,-0.015989843173883855
605,CCSD(T) small,33_1,Pyridine,-155590.33660583422,25_1,-0.007004753249930218
606,LDA,48_1,Pyridine,-154475.42673315905,25_1,0.014106455695582554
607,PBE,48_1,Pyridine,-155667.84740382325,25_1,-0.00534689033520408
608,B3LYP,48_1,Pyridine,-155772.0111910618,25_1,-0.005935927387326956
609,HF,48_1,Pyridine,-154864.349424553,25_1,0.007093293912475929
610,CCSD(T),48_1,Pyridine,-155585.24130393882,25_1,-0.0034881009196396917
611,CCSD(T) small,48_1,Pyridine,-155590.32892212272,25_1,0.000678958254866302
612,LDA,48_2,Pyridine,-154475.4315639909,25_1,0.00927562385913916
613,PBE,48_2,Pyridine,-155667.84444884886,25_1,-0.002391915943007916
614,B3LYP,48_2,Pyridine,-155771.9965000243,25_1,0.008755110116908327
615,HF,48_2,Pyridine,-154864.33233607755,25_1,0.024181769345887005
616,CCSD(T),48_2,Pyridine,-155585.23602161856,25_1,0.0017942193371709436
617,CCSD(T) small,48_2,Pyridine,-155590.31467592213,25_1,0.014925158844562247
618,LDA,49_2,Pyridine,-154475.43379570532,25_1,0.0070439094270113856
619,PBE,49_2,Pyridine,-155667.83236050556,25_1,0.009696427354356274
620,B3LYP,49_2,Pyridine,-155771.99527821323,25_1,0.009976921195629984
621,HF,49_2,Pyridine,-154864.34465308292,25_1,0.011864763975609094
622,CCSD(T),49_2,Pyridine,-155585.23428619627,25_1,0.0035296416317578405
623,CCSD(T) small,49_2,Pyridine,-155590.3215974057,25_1,0.008003675262443721
624,LDA,58_1,Pyridine,-154475.4253353961,25_1,0.015504218637943268
625,PBE,58_1,Pyridine,-155667.84651421223,25_1,-0.004457279312191531
626,B3LYP,58_1,Pyridine,-155771.99406343017,25_1,0.011191704252269119
627,HF,58_1,Pyridine,-154864.278365172,25_1,0.07815267489058897
628,CCSD(T),58_1,Pyridine,-155585.22017992882,25_1,0.017635909083765
629,CCSD(T) small,58_1,Pyridine,-155590.29668572487,25_1,0.03291535610333085
630,LDA,58_2,Pyridine,-154475.4252685043,25_1,0.015571110445307568
631,PBE,58_2,Pyridine,-155667.84654238712,25_1,-0.004485454206587747
632,B3LYP,58_2,Pyridine,-155771.99400777067,25_1,0.011247363756410778
633,HF,58_2,Pyridine,-154864.27835619875,25_1,0.07816164815449156
634,CCSD(T),58_2,Pyridine,-155585.22017258705,25_1,0.017643250845139846
635,CCSD(T) small,58_2,Pyridine,-155590.29670091043,25_1,0.03290017053950578
636,LDA,65_1,Pyridine,-154475.46101383617,25_1,-0.02017422142671421
637,PBE,65_1,Pyridine,-155667.83278363085,25_1,0.009273302071960643
638,B3LYP,65_1,Pyridine,-155772.03042898604,25_1,-0.02517385160899721
639,HF,65_1,Pyridine,-154864.41685577438,25_1,-0.060337927483487874
640,CCSD(T),65_1,Pyridine,-155585.24405183722,25_1,-0.00623599931714125
641,CCSD(T) small,65_1,Pyridine,-155590.3362259439,25_1,-0.006624862930038944
642,LDA,66_2,Pyridine,-154475.43600388838,25_1,0.004835726373130456
643,PBE,66_2,Pyridine,-155667.83155730172,25_1,0.010499631200218573
644,B3LYP,66_2,Pyridine,-155772.0106596295,25_1,-0.0054044950811658055
645,HF,66_2,Pyridine,-154864.3699682482,25_1,-0.013450401311274618
646,CCSD(T),66_2,Pyridine,-155585.23898060896,25_1,-0.0011647710634861141
647,CCSD(T) small,66_2,Pyridine,-155590.3221479141,25_1,0.007453166879713535
648,LDA,17_1,Uracil,-258352.24578130472,26_1,0.02625660804915242
649,PBE,17_1,Uracil,-260136.47946709534,26_1,0.19372636565822177
650,B3LYP,17_1,Uracil,-260289.80120519936,26_1,0.3249758344318252
651,HF,17_1,Uracil,-258940.20604058515,26_1,0.7320407955558039
652,CCSD(T),17_1,Uracil,-260018.5168566331,26_1,0.34810007296619006
653,CCSD(T) small,17_1,Uracil,-260021.56085078223,26_1,0.3112940100254491
654,LDA,17_2,Uracil,-258352.31378022805,26_1,-0.04174231528304517
655,PBE,17_2,Uracil,-260136.53704645686,26_1,0.1361470041447319
656,B3LYP,17_2,Uracil,-260289.8639206102,26_1,0.2622604235948529
657,HF,17_2,Uracil,-258940.37108209447,26_1,0.5669992862385698
658,CCSD(T),17_2,Uracil,-260018.63528094455,26_1,0.22967576151131652
659,CCSD(T) small,17_2,Uracil,-260021.65545984881,26_1,0.21668494344339706
660,LDA,22_2,Uracil,-258352.15661068115,26_1,0.11542723161983304
661,PBE,22_2,Uracil,-260136.35342219923,26_1,0.3197712617693469
662,B3LYP,22_2,Uracil,-260289.6805134686,26_1,0.44566756518906914
663,HF,22_2,Uracil,-258940.1834149605,26_1,0.7546664201945532
664,CCSD(T),22_2,Uracil,-260018.47513835118,26_1,0.38981835488812067
665,CCSD(T) small,22_2,Uracil,-260021.4908109054,26_1,0.3813338868494611
666,LDA,23_2,Uracil,-258352.11739331242,26_1,0.1546446003485471
667,PBE,23_2,Uracil,-260136.34017567366,26_1,0.3330177873431239
668,B3LYP,23_2,Uracil,-260289.60281585893,26_1,0.5233651748567354
669,HF,23_2,Uracil,-258939.9483800723,26_1,0.9897013083973434
670,CCSD(T),23_2,Uracil,-260018.36454646944,26_1,0.500410236621974
671,CCSD(T) small,23_2,Uracil,-260021.38019775134,26_1,0.4919470409222413
672,LDA,26_1,Uracil,-258352.27203791277,26_1,0.0
673,PBE,26_1,Uracil,-260136.673193461,26_1,0.0
674,B3LYP,26_1,Uracil,-260290.1261810338,26_1,0.0
675,HF,26_1,Uracil,-258940.9380813807,26_1,0.0
676,CCSD(T),26_1,Uracil,-260018.86495670606,26_1,0.0
677,CCSD(T) small,26_1,Uracil,-260021.87214479226,26_1,0.0
678,LDA,26_2,Uracil,-258352.27203791277,26_1,0.0
679,PBE,26_2,Uracil,-260136.673193461,26_1,0.0
680,B3LYP,26_2,Uracil,-260290.1261810338,26_1,0.0
681,HF,26_2,Uracil,-258940.9380813807,26_1,0.0
682,CCSD(T),26_2,Uracil,-260018.86495670606,26_1,0.0
683,CCSD(T) small,26_2,Uracil,-260021.87214479226,26_1,0.0
684,LDA,28_2,Uracil,-258352.5424873132,26_1,-0.27044940044288523
685,PBE,28_2,Uracil,-260136.90040997555,26_1,-0.22721651455503888
686,B3LYP,28_2,Uracil,-260290.44238399973,26_1,-0.3162029659433756
687,HF,28_2,Uracil,-258941.44456270887,26_1,-0.5064813281642273
688,CCSD(T),28_2,Uracil,-260019.17024507312,26_1,-0.3052883670607116
689,CCSD(T) small,28_2,Uracil,-260022.21576279955,26_1,-0.34361800728947856
690,LDA,29_2,Uracil,-258352.5147848128,26_1,-0.24274690003949217
691,PBE,29_2,Uracil,-260136.85170526346,26_1,-0.17851180245634168
692,B3LYP,29_2,Uracil,-260290.37947619648,26_1,-0.25329516269266605
693,HF,29_2,Uracil,-258941.34486202023,26_1,-0.4067806395178195
694,CCSD(T),29_2,Uracil,-260019.10440582686,26_1,-0.23944912079605274
695,CCSD(T) small,29_2,Uracil,-260022.13519950912,26_1,-0.2630547168664634
696,LDA,31_1,Uracil,-258352.54930776884,26_1,-0.2772698560729623
697,PBE,31_1,Uracil,-260136.90339544657,26_1,-0.23020198557060212
698,B3LYP,31_1,Uracil,-260290.45123863182,26_1,-0.3250575980346184
699,HF,31_1,Uracil,-258941.4619354432,26_1,-0.523854062485043
700,CCSD(T),31_1,Uracil,-260019.1828221785,26_1,-0.3178654724324588
701,CCSD(T) small,31_1,Uracil,-260022.21884892203,26_1,-0.3467041297699325
702,LDA,32_1,Uracil,-258352.47477421752,26_1,-0.2027363047527615
703,PBE,32_1,Uracil,-260136.8198065877,26_1,-0.14661312670796178
704,B3LYP,32_1,Uracil,-260290.3697218506,26_1,-0.2435408168239519
705,HF,32_1,Uracil,-258941.40763145906,26_1,-0.4695500783564057
706,CCSD(T),32_1,Uracil,-260019.1106730758,26_1,-0.24571636973996647
707,CCSD(T) small,32_1,Uracil,-260022.12584776917,26_1,-0.2537029769155197
708,LDA,41_1,Uracil,-258352.5574492438,26_1,-0.28541133101680316
709,PBE,41_1,Uracil,-260136.9608767294,26_1,-0.28768326839781366
710,B3LYP,41_1,Uracil,-260290.48876619776,26_1,-0.3625851639662869
711,HF,41_1,Uracil,-258941.45605906582,26_1,-0.5179776851146016
712,CCSD(T),41_1,Uracil,-260019.20246647365,26_1,-0.3375097675889265
713,CCSD(T) small,41_1,Uracil,-260022.27402093107,26_1,-0.4018761388142593
714,LDA,42_1,Uracil,-258352.54847413112,26_1,-0.2764362183515914
715,PBE,42_1,Uracil,-260136.96421617488,26_1,-0.291022713878192
716,B3LYP,42_1,Uracil,-260290.4942355139,26_1,-0.36805448011728004
717,HF,42_1,Uracil,-258941.46472299975,26_1,-0.5266416190424934
718,CCSD(T),42_1,Uracil,-260019.21425938854,26_1,-0.34930268247262575
719,CCSD(T) small,42_1,Uracil,-260022.29161749568,26_1,-0.4194727034191601
720,LDA,43_1,Uracil,-258352.54014528377,26_1,-0.2681073709973134
721,PBE,43_1,Uracil,-260136.92455114546,26_1,-0.2513576844648924
722,B3LYP,43_1,Uracil,-260290.45632203366,26_1,-0.33014099986758083
723,HF,43_1,Uracil,-258941.4411765144,26_1,-0.5030951336957514
724,CCSD(T),43_1,Uracil,-260019.17631930215,26_1,-0.3113625960831996
725,CCSD(T) small,43_1,Uracil,-260022.20306383306,26_1,-0.3309190408035647
726,LDA,01_1,Water,-47634.938791931636,01_2,-0.004620367333700415
727,PBE,01_1,Water,-47932.97341975782,01_2,-0.0038546881696674973
728,B3LYP,01_1,Water,-47963.613601347046,01_2,0.0280980783427367
729,HF,01_1,Water,-47731.86980163236,01_2,0.12093771193758585
730,CCSD(T),01_1,Water,-47926.3366918831,01_2,0.030970661566243507
731,CCSD(T) small,01_1,Water,-47927.10630806027,01_2,0.029128501009836327
732,LDA,01_2,Water,-47634.9341715643,01_2,0.0
733,PBE,01_2,Water,-47932.96956506965,01_2,0.0
734,B3LYP,01_2,Water,-47963.64169942539,01_2,0.0
735,HF,01_2,Water,-47731.9907393443,01_2,0.0
736,CCSD(T),01_2,Water,-47926.36766254467,01_2,0.0
737,CCSD(T) small,01_2,Water,-47927.13543656128,01_2,0.0
738,LDA,02_1,Water,-47634.95734060657,01_2,-0.0231690422660904
739,PBE,02_1,Water,-47932.98667845697,01_2,-0.017113387315475848
740,B3LYP,02_1,Water,-47963.61459255079,01_2,0.027106874600576703
741,HF,02_1,Water,-47731.831585695654,01_2,0.15915364864486037
742,CCSD(T),02_1,Water,-47926.3258673936,01_2,0.0417951510680723
743,CCSD(T) small,02_1,Water,-47927.093482965705,01_2,0.04195359557343181
744,LDA,03_1,Water,-47634.95998251971,01_2,-0.025810955405177083
745,PBE,03_1,Water,-47932.98022829087,01_2,-0.01066322121914709
746,B3LYP,03_1,Water,-47963.565329800265,01_2,0.07636962512333412
747,HF,03_1,Water,-47731.64921255351,01_2,0.34152679079124937
748,CCSD(T),03_1,Water,-47926.25891646302,01_2,0.10874608164886013
749,CCSD(T) small,03_1,Water,-47927.02109560013,01_2,0.1143409611468087
750,LDA,04_1,Water,-47634.969243334475,01_2,-0.035071770173090044
751,PBE,04_1,Water,-47932.99172314184,01_2,-0.02215807218453847
752,B3LYP,04_1,Water,-47963.58636840711,01_2,0.055331018280412536
753,HF,04_1,Water,-47731.7023818867,01_2,0.2883574575971579
754,CCSD(T),04_1,Water,-47926.28049152217,01_2,0.08717102249647724
755,CCSD(T) small,04_1,Water,-47927.043542449195,01_2,0.09189411208353704
756,LDA,08_2,Water,-47634.93745572676,01_2,-0.003284162456111517
757,PBE,08_2,Water,-47932.970920476124,01_2,-0.0013554064717027359
758,B3LYP,08_2,Water,-47963.644709118016,01_2,-0.003009692627529148
759,HF,08_2,Water,-47731.99616787275,01_2,-0.005428528449556325
760,CCSD(T),08_2,Water,-47926.368933363745,01_2,-0.0012708190770354122
761,CCSD(T) small,08_2,Water,-47927.13581544759,01_2,-0.0003788863105000928
762,LDA,12_2,Water,-47634.9698963141,01_2,-0.03572474979591789
763,PBE,12_2,Water,-47932.98830507024,01_2,-0.018740000588877592
764,B3LYP,12_2,Water,-47963.56729137465,01_2,0.0744080507356557
765,HF,12_2,Water,-47731.634121294606,01_2,0.35661804969277
766,CCSD(T),12_2,Water,-47926.25211351475,01_2,0.11554902992065763
767,CCSD(T) small,12_2,Water,-47927.01317500627,01_2,0.12226155500684399
768,LDA,16_2,Water,-47634.9397254051,01_2,-0.005553840797801968
769,PBE,16_2,Water,-47932.97135590046,01_2,-0.0017908308072946966
770,B3LYP,16_2,Water,-47963.648600013126,01_2,-0.00690058773761848
771,HF,16_2,Water,-47732.00739954895,01_2,-0.016660204651998356
772,CCSD(T),16_2,Water,-47926.37034229623,01_2,-0.0026797515602083877
773,CCSD(T) small,16_2,Water,-47927.13692744567,01_2,-0.0014908843877492473
774,LDA,18_1,Water,-47634.949963116545,01_2,-0.01579155224317219
775,PBE,18_1,Water,-47932.977436906534,01_2,-0.007871836882259231
776,B3LYP,18_1,Water,-47963.56349090272,01_2,0.07820852266740985
777,HF,18_1,Water,-47731.65914649075,01_2,0.33159285355213797
778,CCSD(T),18_1,Water,-47926.26655505704,01_2,0.1011074876296334
779,CCSD(T) small,18_1,Water,-47927.03175361309,01_2,0.10368294818908907
780,LDA,54_2,Water,-47634.880712763974,01_2,0.05345880032837158
781,PBE,54_2,Water,-47932.9374163967,01_2,0.032148672951734625
782,B3LYP,54_2,Water,-47963.577545589425,01_2,0.06415383596322499
783,HF,54_2,Water,-47731.86440560857,01_2,0.12633373573044082
784,CCSD(T),54_2,Water,-47926.323592067725,01_2,0.04407047694257926
785,CCSD(T) small,54_2,Water,-47927.10203244308,01_2,0.0334041181995417
786,LDA,59_2,Water,-47634.92547318046,01_2,0.008698383840965107
787,PBE,59_2,Water,-47932.96360586191,01_2,0.00595920774503611
788,B3LYP,59_2,Water,-47963.64147321055,01_2,0.00022621484094997868
789,HF,59_2,Water,-47732.010423862404,01_2,-0.019684518105350435
790,CCSD(T),59_2,Water,-47926.36901148787,01_2,-0.0013489432021742687
791,CCSD(T) small,59_2,Water,-47927.13782948122,01_2,-0.002392919937847182
