,ene,err,name,i,dmc_type,Jas,delta,tau
0,-5.8078140810685,0.050938386607904076,01_Water-Water,1,DMCdla5,Jopt,0.030970661566243507,0.1
1,-5.371404813566187,0.03844933514996106,01_Water-Water,1,DMCdla5,Jopt,0.030970661566243507,0.03
2,-5.221657682566729,0.042957561833672955,01_Water-Water,1,DMCdla5,Jopt,0.030970661566243507,0.01
3,-5.203357102665905,0.03973159228046539,01_Water-Water,1,DMCdla5,Jopt,0.030970661566243507,0.003
4,-5.186431409467332,0.042793618471178706,01_Water-Water,1,DMCdla5,Jopt,0.030970661566243507,0.001
5,-6.042746575465571,0.04990650958714452,01_Water-Water,1,DMCdla5,Jdimer,0.030970661566243507,0.1
6,-5.437692645766219,0.041267029251456436,01_Water-Water,1,DMCdla5,Jdimer,0.030970661566243507,0.03
7,-5.249528186166572,0.04375218637244847,01_Water-Water,1,DMCdla5,Jdimer,0.030970661566243507,0.01
8,-5.12100300426755,0.04147282691756696,01_Water-Water,1,DMCdla5,Jdimer,0.030970661566243507,0.003
9,-5.974716441889541,0.04870041774970864,02_Water-MeOH,2,DMCdla5,Jopt,0.026290242189134005,0.1
10,-5.953108275589329,0.039994621861107915,02_Water-MeOH,2,DMCdla5,Jopt,0.026290242189134005,0.03
11,-5.890482182687265,0.043269370830792395,02_Water-MeOH,2,DMCdla5,Jopt,0.026290242189134005,0.01
12,-5.859280006488916,0.039057214090476106,02_Water-MeOH,2,DMCdla5,Jopt,0.026290242189134005,0.003
13,-6.369421782887002,0.047661868902438224,02_Water-MeOH,2,DMCdla5,Jdimer,0.026290242189134005,0.1
14,-6.0063181088899,0.041785348268991655,02_Water-MeOH,2,DMCdla5,Jdimer,0.026290242189134005,0.03
15,-5.916075970588281,0.04309031620072753,02_Water-MeOH,2,DMCdla5,Jdimer,0.026290242189134005,0.01
16,-5.856242121190007,0.03793525562259247,02_Water-MeOH,2,DMCdla5,Jdimer,0.026290242189134005,0.003
17,-7.998450552522627,0.04500305357256245,03_Water-MeNH2,3,DMCdla5,Jopt,0.08290739062067587,0.1
18,-7.431346551318711,0.039290673473800886,03_Water-MeNH2,3,DMCdla5,Jopt,0.08290739062067587,0.03
19,-7.241136815719074,0.04285464374765821,03_Water-MeNH2,3,DMCdla5,Jopt,0.08290739062067587,0.01
20,-7.218353308719088,0.038538084477005574,03_Water-MeNH2,3,DMCdla5,Jopt,0.08290739062067587,0.003
21,-8.145315831819971,0.043468338914360076,03_Water-MeNH2,3,DMCdla5,Jdimer,0.08290739062067587,0.1
22,-7.461915932119155,0.03977190328324664,03_Water-MeNH2,3,DMCdla5,Jdimer,0.08290739062067587,0.03
23,-7.192949185619,0.043125112829904194,03_Water-MeNH2,3,DMCdla5,Jdimer,0.08290739062067587,0.01
24,-7.201646051518765,0.03963202638063691,03_Water-MeNH2,3,DMCdla5,Jdimer,0.08290739062067587,0.003
25,-9.28771333743498,0.06326320830733026,04_Water-Peptide,4,DMCdla5,Jopt,0.1542200945332297,0.1
26,-8.57857264113045,0.06023711133121703,04_Water-Peptide,4,DMCdla5,Jopt,0.1542200945332297,0.03
27,-8.44878858393713,0.060517816245127684,04_Water-Peptide,4,DMCdla5,Jopt,0.1542200945332297,0.01
28,-8.569812210236705,0.0573084986146461,04_Water-Peptide,4,DMCdla5,Jopt,0.1542200945332297,0.003
29,-9.835471259932092,0.06377264057253272,04_Water-Peptide,4,DMCdla5,Jdimer,0.1542200945332297,0.1
30,-8.788819971930934,0.06071647855757045,04_Water-Peptide,4,DMCdla5,Jdimer,0.1542200945332297,0.03
31,-8.476380379033799,0.06478637239994735,04_Water-Peptide,4,DMCdla5,Jdimer,0.1542200945332297,0.01
32,-8.634272721534217,0.05862596293882006,04_Water-Peptide,4,DMCdla5,Jdimer,0.1542200945332297,0.003
33,-6.289111802234402,0.06979869916913434,05_MeOH-MeOH,5,DMCdla5,Jopt,0.03345293793245219,0.1
34,-6.187788716331852,0.05684853433130305,05_MeOH-MeOH,5,DMCdla5,Jopt,0.03345293793245219,0.03
35,-6.1132615232309035,0.06684198466034161,05_MeOH-MeOH,5,DMCdla5,Jopt,0.03345293793245219,0.02
36,-6.20493984343193,0.06034620643786844,05_MeOH-MeOH,5,DMCdla5,Jopt,0.03345293793245219,0.01
37,-5.939761234632897,0.05720670057674736,05_MeOH-MeOH,5,DMCdla5,Jopt,0.03345293793245219,0.006
38,-5.9733194891305175,0.054768188306371854,05_MeOH-MeOH,5,DMCdla5,Jopt,0.03345293793245219,0.003
39,-6.843589989832253,0.06764325664732704,05_MeOH-MeOH,5,DMCdla5,Jdimer,0.03345293793245219,0.1
40,-6.227920550732961,0.05994098543102593,05_MeOH-MeOH,5,DMCdla5,Jdimer,0.03345293793245219,0.03
41,-6.22825691563412,0.05925293689354493,05_MeOH-MeOH,5,DMCdla5,Jdimer,0.03345293793245219,0.01
42,-6.049597816931055,0.05012613180305729,05_MeOH-MeOH,5,DMCdla5,Jdimer,0.03345293793245219,0.003
43,-8.15431871542387,0.05346258409950292,06_MeOH-MeNH2,6,DMCdla5,Jopt,0.19607749392162077,0.1
44,-7.9801775246196485,0.04751852232205648,06_MeOH-MeNH2,6,DMCdla5,Jopt,0.19607749392162077,0.03
45,-7.94457489711931,0.04772995358159962,06_MeOH-MeNH2,6,DMCdla5,Jopt,0.19607749392162077,0.01
46,-7.820005826421038,0.04353293489397392,06_MeOH-MeNH2,6,DMCdla5,Jopt,0.19607749392162077,0.003
47,-8.460956841321604,0.051714817794463075,06_MeOH-MeNH2,6,DMCdla5,Jdimer,0.19607749392162077,0.1
48,-7.99766890652063,0.04827208944808079,06_MeOH-MeNH2,6,DMCdla5,Jdimer,0.19607749392162077,0.03
49,-7.894110551320409,0.047449861813319956,06_MeOH-MeNH2,6,DMCdla5,Jdimer,0.19607749392162077,0.01
50,-7.882614782320161,0.042703040328612885,06_MeOH-MeNH2,6,DMCdla5,Jdimer,0.19607749392162077,0.003
51,-9.253863182595524,0.0682257832415052,07_MeOH-Peptide,7,DMCdla5,Jopt,0.14141062479757238,0.1
52,-8.676335659696633,0.06226531748765056,07_MeOH-Peptide,7,DMCdla5,Jopt,0.14141062479757238,0.03
53,-8.542473450095713,0.06445057498414329,07_MeOH-Peptide,7,DMCdla5,Jopt,0.14141062479757238,0.01
54,-8.553718001498055,0.06282693581928508,07_MeOH-Peptide,7,DMCdla5,Jopt,0.14141062479757238,0.003
55,-9.961393951693026,0.06834783451560837,07_MeOH-Peptide,7,DMCdla5,Jdimer,0.14141062479757238,0.1
56,-8.873504991592199,0.0630007010755043,07_MeOH-Peptide,7,DMCdla5,Jdimer,0.14141062479757238,0.03
57,-8.567788529493555,0.06810896147204519,07_MeOH-Peptide,7,DMCdla5,Jdimer,0.14141062479757238,0.01
58,-8.697494725896831,0.06279238054433882,07_MeOH-Peptide,7,DMCdla5,Jdimer,0.14141062479757238,0.003
59,-5.569171572375126,0.04829560312177857,08_MeOH-Water,8,DMCdla5,Jopt,0.03645365727425087,0.1
60,-5.377768617374386,0.0398318592547215,08_MeOH-Water,8,DMCdla5,Jopt,0.03645365727425087,0.03
61,-5.263957914674393,0.042968411029934414,08_MeOH-Water,8,DMCdla5,Jopt,0.03645365727425087,0.01
62,-5.299089566373368,0.042160133675449254,08_MeOH-Water,8,DMCdla5,Jopt,0.03645365727425087,0.003
63,-5.963876913372587,0.04724815699234648,08_MeOH-Water,8,DMCdla5,Jdimer,0.03645365727425087,0.1
64,-5.4309784506749565,0.04162958760107834,08_MeOH-Water,8,DMCdla5,Jdimer,0.03645365727425087,0.03
65,-5.289551702575409,0.04278809699698555,08_MeOH-Water,8,DMCdla5,Jdimer,0.03645365727425087,0.01
66,-5.296051681074459,0.04112291962122703,08_MeOH-Water,8,DMCdla5,Jdimer,0.03645365727425087,0.003
67,-3.5538739852454455,0.05220038618563691,09_MeNH2-MeOH,9,DMCdla5,Jopt,-0.03534247495554155,0.1
68,-3.3131685724438285,0.04873408775135281,09_MeNH2-MeOH,9,DMCdla5,Jopt,-0.03534247495554155,0.03
69,-3.233468476544658,0.04867571140858584,09_MeNH2-MeOH,9,DMCdla5,Jopt,-0.03534247495554155,0.01
70,-3.0966975193423423,0.04792250213090101,09_MeNH2-MeOH,9,DMCdla5,Jopt,-0.03534247495554155,0.003
71,-3.86051211114318,0.05040887619108093,09_MeNH2-MeOH,9,DMCdla5,Jdimer,-0.03534247495554155,0.1
72,-3.33065995434481,0.04946914154266565,09_MeNH2-MeOH,9,DMCdla5,Jdimer,-0.03534247495554155,0.03
73,-3.1830041307457577,0.048401092945649885,09_MeNH2-MeOH,9,DMCdla5,Jdimer,-0.03534247495554155,0.01
74,-3.159306475241465,0.04716989975938446,09_MeNH2-MeOH,9,DMCdla5,Jdimer,-0.03534247495554155,0.003
75,-4.503608062950661,0.06088922425087805,10_MeNH2-MeNH2,10,DMCdla5,Jopt,-0.009435950851184316,0.1
76,-4.354039934347384,0.05499274106634147,10_MeNH2-MeNH2,10,DMCdla5,Jopt,-0.009435950851184316,0.03
77,-4.364964857446466,0.05743536205677872,10_MeNH2-MeNH2,10,DMCdla5,Jopt,-0.009435950851184316,0.01
78,-4.176915847750934,0.049455293445485084,10_MeNH2-MeNH2,10,DMCdla5,Jopt,-0.009435950851184316,0.003
79,-4.562406127148279,0.0571703051364364,10_MeNH2-MeNH2,10,DMCdla5,Jdimer,-0.009435950851184316,0.1
80,-4.348890863748238,0.05433023389616031,10_MeNH2-MeNH2,10,DMCdla5,Jdimer,-0.009435950851184316,0.03
81,-4.240719093646476,0.057644935461241435,10_MeNH2-MeNH2,10,DMCdla5,Jdimer,-0.009435950851184316,0.01
82,-4.225855431748641,0.05144399228190247,10_MeNH2-MeNH2,10,DMCdla5,Jdimer,-0.009435950851184316,0.003
83,-5.842569518867094,0.06233924684061376,11_MeNH2-Peptide,11,DMCdla5,Jopt,-0.08428042993182316,0.1
84,-5.546134627566062,0.057728661096406626,11_MeNH2-Peptide,11,DMCdla5,Jopt,-0.08428042993182316,0.03
85,-5.521479621569597,0.0635288927871907,11_MeNH2-Peptide,11,DMCdla5,Jopt,-0.08428042993182316,0.01
86,-5.36300705917165,0.0626231758056374,11_MeNH2-Peptide,11,DMCdla5,Jopt,-0.08428042993182316,0.003
87,-6.30226022626448,0.06218640751444626,11_MeNH2-Peptide,11,DMCdla5,Jdimer,-0.08428042993182316,0.1
88,-5.720663506966957,0.05758748651182884,11_MeNH2-Peptide,11,DMCdla5,Jdimer,-0.08428042993182316,0.03
89,-5.473013282968168,0.06752475252414808,11_MeNH2-Peptide,11,DMCdla5,Jdimer,-0.08428042993182316,0.01
90,-5.493114411667193,0.06394698781963694,11_MeNH2-Peptide,11,DMCdla5,Jdimer,-0.08428042993182316,0.003
91,-8.179850022717801,0.04409926236552802,12_MeNH2-Water,12,DMCdla5,Jopt,0.09729766591772204,0.1
92,-7.753817524018814,0.03839776895731705,12_MeNH2-Water,12,DMCdla5,Jopt,0.09729766591772204,0.03
93,-7.643114512415195,0.041701689379950765,12_MeNH2-Water,12,DMCdla5,Jopt,0.09729766591772204,0.01
94,-7.547422652118257,0.04242754640766963,12_MeNH2-Water,12,DMCdla5,Jopt,0.09729766591772204,0.003
95,-8.326715302015145,0.042531947972111746,12_MeNH2-Water,12,DMCdla5,Jdimer,0.09729766591772204,0.1
96,-7.784386904819257,0.03889004923687531,12_MeNH2-Water,12,DMCdla5,Jdimer,0.09729766591772204,0.03
97,-7.5949268823151215,0.04197958745622883,12_MeNH2-Water,12,DMCdla5,Jdimer,0.09729766591772204,0.01
98,-7.530715394917934,0.04342361401419327,12_MeNH2-Water,12,DMCdla5,Jdimer,0.09729766591772204,0.003
99,-6.976779114527744,0.07117289336564459,13_Peptide-MeOH,13,DMCdla5,Jopt,-0.08140916447155178,0.1
100,-6.484586536631468,0.06233854176340056,13_Peptide-MeOH,13,DMCdla5,Jopt,-0.08140916447155178,0.03
101,-6.411050359329238,0.062411894940269726,13_Peptide-MeOH,13,DMCdla5,Jopt,-0.08140916447155178,0.01
102,-6.296061293829553,0.06352100427492008,13_Peptide-MeOH,13,DMCdla5,Jopt,-0.08140916447155178,0.003
103,-7.684309883627066,0.07128989924311542,13_Peptide-MeOH,13,DMCdla5,Jdimer,-0.08140916447155178,0.1
104,-6.681755868530672,0.06307307161819822,13_Peptide-MeOH,13,DMCdla5,Jdimer,-0.08140916447155178,0.03
105,-6.436365438728899,0.06618306918728628,13_Peptide-MeOH,13,DMCdla5,Jdimer,-0.08140916447155178,0.01
106,-6.43983801822651,0.06348682677594548,13_Peptide-MeOH,13,DMCdla5,Jdimer,-0.08140916447155178,0.003
107,-8.23855993797406,0.06768310837614673,14_Peptide-MeNH2,14,DMCdla5,Jopt,0.059881732777284924,0.1
108,-7.794263780275287,0.06053755044703379,14_Peptide-MeNH2,14,DMCdla5,Jopt,0.059881732777284924,0.03
109,-7.631929787978152,0.056836862761385325,14_Peptide-MeNH2,14,DMCdla5,Jopt,0.059881732777284924,0.01
110,-7.4663325281781,0.061755167899012295,14_Peptide-MeNH2,14,DMCdla5,Jopt,0.059881732777284924,0.003
111,-8.698250645373264,0.0675423625760532,14_Peptide-MeNH2,14,DMCdla5,Jdimer,0.059881732777284924,0.1
112,-7.968792659674364,0.060402941194063205,14_Peptide-MeNH2,14,DMCdla5,Jdimer,0.059881732777284924,0.03
113,-7.583463449376723,0.06127071856309196,14_Peptide-MeNH2,14,DMCdla5,Jdimer,0.059881732777284924,0.01
114,-7.596439880673643,0.0630971938001701,14_Peptide-MeNH2,14,DMCdla5,Jdimer,0.059881732777284924,0.003
115,-8.707252827487537,0.10246466710052526,15_Peptide-Peptide,15,DMCdla5,Jopt,0.2385824135853909,0.1
116,-8.773634564582608,0.08481171372224484,15_Peptide-Peptide,15,DMCdla5,Jopt,0.2385824135853909,0.03
117,-8.713657982189034,0.09189734626644112,15_Peptide-Peptide,15,DMCdla5,Jopt,0.2385824135853909,0.01
118,-8.835221913985151,0.09561768959443388,15_Peptide-Peptide,15,DMCdla5,Jopt,0.2385824135853909,0.003
119,-9.567836178088328,0.10422059381951898,15_Peptide-Peptide,15,DMCdla5,Jdimer,0.2385824135853909,0.1
120,-9.127841393979907,0.08485478891817122,15_Peptide-Peptide,15,DMCdla5,Jdimer,0.2385824135853909,0.03
121,-8.740971068786166,0.10254605023988504,15_Peptide-Peptide,15,DMCdla5,Jdimer,0.2385824135853909,0.01
122,-9.046497034978529,0.0980423616817762,15_Peptide-Peptide,15,DMCdla5,Jdimer,0.2385824135853909,0.003
123,-5.494505097491128,0.06500383381657995,16_Peptide-Water,16,DMCdla5,Jopt,0.04705299869237933,0.1
124,-5.404994942995472,0.05761873332518095,16_Peptide-Water,16,DMCdla5,Jopt,0.04705299869237933,0.03
125,-5.325416748895805,0.05892016226503398,16_Peptide-Water,16,DMCdla5,Jopt,0.04705299869237933,0.01
126,-5.334751960590438,0.05794332416855755,16_Peptide-Water,16,DMCdla5,Jopt,0.04705299869237933,0.003
127,-6.0422630199900595,0.06549972954990217,16_Peptide-Water,16,DMCdla5,Jdimer,0.04705299869237933,0.1
128,-5.615242273794138,0.05811970076403349,16_Peptide-Water,16,DMCdla5,Jdimer,0.04705299869237933,0.03
129,-5.353008543994292,0.06329655193613277,16_Peptide-Water,16,DMCdla5,Jdimer,0.04705299869237933,0.01
130,-5.3992124718879495,0.059246673600646595,16_Peptide-Water,16,DMCdla5,Jdimer,0.04705299869237933,0.003
131,-17.681280228483956,0.1363757232657529,17_Uracil-Uracil_BP,17,DMCdla5,Jopt,0.5777758344775066,0.1
132,-17.784956874980708,0.08546694815390213,17_Uracil-Uracil_BP,17,DMCdla5,Jopt,0.5777758344775066,0.03
133,-17.93585050267575,0.09502541298662148,17_Uracil-Uracil_BP,17,DMCdla5,Jopt,0.5777758344775066,0.01
134,-17.638202601272496,0.11673603853818715,17_Uracil-Uracil_BP,17,DMCdla5,Jopt,0.5777758344775066,0.003
135,-17.976707366280607,0.13325761344977058,17_Uracil-Uracil_BP,17,DMCdla5,Jdimer,0.5777758344775066,0.1
136,-17.846693202576716,0.0878690400352104,17_Uracil-Uracil_BP,17,DMCdla5,Jdimer,0.5777758344775066,0.03
137,-18.002172003878513,0.09482723819598536,17_Uracil-Uracil_BP,17,DMCdla5,Jdimer,0.5777758344775066,0.01
138,-17.743029735880555,0.10021632239636752,17_Uracil-Uracil_BP,17,DMCdla5,Jdimer,0.5777758344775066,0.003
139,-8.060750158605515,0.06031506816447726,18_Water-Pyridine,18,DMCdla5,Jopt,0.10518832789966837,0.1
140,-7.380179975294595,0.046092668183609756,18_Water-Pyridine,18,DMCdla5,Jopt,0.10518832789966837,0.03
141,-7.3797196951964,0.061517217210969435,18_Water-Pyridine,18,DMCdla5,Jopt,0.10518832789966837,0.01
142,-7.262831004198233,0.05263356095300511,18_Water-Pyridine,18,DMCdla5,Jopt,0.10518832789966837,0.003
143,-7.953252144801809,0.05955340134475432,18_Water-Pyridine,18,DMCdla5,Jdimer,0.10518832789966837,0.1
144,-7.378016088994627,0.04820015216520695,18_Water-Pyridine,18,DMCdla5,Jdimer,0.10518832789966837,0.03
145,-7.365800488594687,0.0615255864103931,18_Water-Pyridine,18,DMCdla5,Jdimer,0.10518832789966837,0.01
146,-7.201745110298361,0.06179323315208432,18_Water-Pyridine,18,DMCdla5,Jdimer,0.10518832789966837,0.003
147,-8.384704806514492,0.0631355287723362,19_MeOH-Pyridine,19,DMCdla5,Jopt,0.21556999611493666,0.1
148,-7.970698370820173,0.05135622344521033,19_MeOH-Pyridine,19,DMCdla5,Jopt,0.21556999611493666,0.03
149,-7.972173739410209,0.07106573628279485,19_MeOH-Pyridine,19,DMCdla5,Jopt,0.21556999611493666,0.01
150,-7.86716274551145,0.0644537003468632,19_MeOH-Pyridine,19,DMCdla5,Jopt,0.21556999611493666,0.003
151,-8.436979639311176,0.06202215717955712,19_MeOH-Pyridine,19,DMCdla5,Jdimer,0.21556999611493666,0.1
152,-7.9554564856152865,0.053575364509107846,19_MeOH-Pyridine,19,DMCdla5,Jdimer,0.21556999611493666,0.03
153,-7.95597781710967,0.07072096361422922,19_MeOH-Pyridine,19,DMCdla5,Jdimer,0.21556999611493666,0.01
154,-7.885393064712844,0.07103035327339198,19_MeOH-Pyridine,19,DMCdla5,Jdimer,0.21556999611493666,0.003
155,-20.27141998193838,0.09839368401960653,20_AcOH-AcOH,20,DMCdla5,Jopt,-0.0015795505605638027,0.1
156,-20.391318663634593,0.07941306791323671,20_AcOH-AcOH,20,DMCdla5,Jopt,-0.0015795505605638027,0.03
157,-20.230051978440315,0.09635484579366539,20_AcOH-AcOH,20,DMCdla5,Jopt,-0.0015795505605638027,0.01
158,-20.26431221293751,0.08069928642117187,20_AcOH-AcOH,20,DMCdla5,Jopt,-0.0015795505605638027,0.003
159,-21.187945086341642,0.0921801334241296,20_AcOH-AcOH,20,DMCdla5,Jdimer,-0.0015795505605638027,0.1
160,-21.33603589444101,0.06773852136005058,20_AcOH-AcOH,20,DMCdla5,Jdimer,-0.0015795505605638027,0.06
161,-20.971640257834224,0.08192213405072299,20_AcOH-AcOH,20,DMCdla5,Jdimer,-0.0015795505605638027,0.03
162,-20.576279360844637,0.09028819460349465,20_AcOH-AcOH,20,DMCdla5,Jdimer,-0.0015795505605638027,0.01
163,-20.361866598541383,0.08697818563068645,20_AcOH-AcOH,20,DMCdla5,Jdimer,-0.0015795505605638027,0.003
164,-18.483921627957898,0.08293877283490345,21_AcNH2-AcNH2,21,DMCdla5,Jopt,-0.0016018896421883255,0.1
165,-17.240837537457992,0.07939678046975875,21_AcNH2-AcNH2,21,DMCdla5,Jopt,-0.0016018896421883255,0.03
166,-17.005752609555202,0.080091805155695,21_AcNH2-AcNH2,21,DMCdla5,Jopt,-0.0016018896421883255,0.01
167,-19.02190468236222,0.09755601591292871,21_AcNH2-AcNH2,21,DMCdla5,Jdimer,-0.0016018896421883255,0.1
168,-17.50268576725648,0.0795655146026701,21_AcNH2-AcNH2,21,DMCdla5,Jdimer,-0.0016018896421883255,0.03
169,-17.0801859433559,0.08616630238279277,21_AcNH2-AcNH2,21,DMCdla5,Jdimer,-0.0016018896421883255,0.01
170,-21.50026324130158,0.09357619953393168,22_AcOH-Uracil,22,DMCdla5,Jopt,0.4594079983071424,0.1
171,-20.620787323110562,0.06985990492997106,22_AcOH-Uracil,22,DMCdla5,Jopt,0.4594079983071424,0.03
172,-20.597616265404213,0.08287521619348016,22_AcOH-Uracil,22,DMCdla5,Jopt,0.4594079983071424,0.01
173,-20.391771871305536,0.08205854487724827,22_AcOH-Uracil,22,DMCdla5,Jopt,0.4594079983071424,0.003
174,-22.10623936240154,0.09083107131657674,22_AcOH-Uracil,22,DMCdla5,Jdimer,0.4594079983071424,0.1
175,-20.941816284008382,0.0713140850907068,22_AcOH-Uracil,22,DMCdla5,Jdimer,0.4594079983071424,0.03
176,-20.803890707211394,0.08109143543541138,22_AcOH-Uracil,22,DMCdla5,Jdimer,0.4594079983071424,0.01
177,-20.4929626314115,0.0781077103704699,22_AcOH-Uracil,22,DMCdla5,Jdimer,0.4594079983071424,0.003
178,-21.59905986757076,0.09874364104478564,23_AcNH2-Uracil,23,DMCdla5,Jopt,0.5568562649714295,0.1
179,-20.208560104569187,0.06827713585953832,23_AcNH2-Uracil,23,DMCdla5,Jopt,0.5568562649714295,0.03
180,-19.982656723870605,0.07288413763614417,23_AcNH2-Uracil,23,DMCdla5,Jopt,0.5568562649714295,0.01
181,-22.015764963674883,0.10099358449258182,23_AcNH2-Uracil,23,DMCdla5,Jdimer,0.5568562649714295,0.1
182,-20.370352383266436,0.06908375434883311,23_AcNH2-Uracil,23,DMCdla5,Jdimer,0.5568562649714295,0.03
183,-20.053034141375974,0.07453304716647989,23_AcNH2-Uracil,23,DMCdla5,Jdimer,0.5568562649714295,0.01
184,-2.184794696098834,0.09632179999092885,24_Benzene-Benzene_pi-pi,24,DMCdla5,Jopt,0.00017475959612056613,0.1
185,-2.2558242777959094,0.049013637314346784,24_Benzene-Benzene_pi-pi,24,DMCdla5,Jopt,0.00017475959612056613,0.03
186,-2.3572053883981425,0.08682480903607903,24_Benzene-Benzene_pi-pi,24,DMCdla5,Jopt,0.00017475959612056613,0.01
187,-2.3348218457977055,0.10067550002520828,24_Benzene-Benzene_pi-pi,24,DMCdla5,Jopt,0.00017475959612056613,0.003
188,-3.002514637701097,0.05567165682851642,24_Benzene-Benzene_pi-pi,24,DMCdla5,Jdimer,0.00017475959612056613,0.7
189,-3.1250424667960033,0.060203018131798486,24_Benzene-Benzene_pi-pi,24,DMCdla5,Jdimer,0.00017475959612056613,0.3
190,-2.550167049499578,0.08952629992969229,24_Benzene-Benzene_pi-pi,24,DMCdla5,Jdimer,0.00017475959612056613,0.1
191,-2.345746535997023,0.04942993860661146,24_Benzene-Benzene_pi-pi,24,DMCdla5,Jdimer,0.00017475959612056613,0.03
192,-2.3842061415998614,0.05844681423283717,24_Benzene-Benzene_pi-pi,24,DMCdla5,Jdimer,0.00017475959612056613,0.01
193,-2.363349905994255,0.08303178760584047,24_Benzene-Benzene_pi-pi,24,DMCdla5,Jdimer,0.00017475959612056613,0.003
194,-4.344755889025691,0.0865184726550039,25_Pyridine-Pyridine_pi-pi,25,DMCdla,Jdimer,-0.003356199769768864,0.1
195,-3.800883566829725,0.07457025955400791,25_Pyridine-Pyridine_pi-pi,25,DMCdla,Jdimer,-0.003356199769768864,0.03
196,-3.3286300705294707,0.08556763651047386,25_Pyridine-Pyridine_pi-pi,25,DMCdla,Jdimer,-0.003356199769768864,0.01
197,-4.193355073330167,0.09465780119623077,25_Pyridine-Pyridine_pi-pi,25,DMCdla5,Jopt,-0.003356199769768864,0.1
198,-3.521634843928041,0.04738719120689251,25_Pyridine-Pyridine_pi-pi,25,DMCdla5,Jopt,-0.003356199769768864,0.03
199,-3.5642234235274373,0.10200459484147577,25_Pyridine-Pyridine_pi-pi,25,DMCdla5,Jopt,-0.003356199769768864,0.01
200,-3.5274586870291387,0.08444731121703263,25_Pyridine-Pyridine_pi-pi,25,DMCdla5,Jopt,-0.003356199769768864,0.003
201,-4.510708566129324,0.06461260438328788,25_Pyridine-Pyridine_pi-pi,25,DMCdla5,Jdimer,-0.003356199769768864,0.3
202,-3.7434265513293212,0.09326821277651404,25_Pyridine-Pyridine_pi-pi,25,DMCdla5,Jdimer,-0.003356199769768864,0.1
203,-3.4510192391244345,0.05306422518581679,25_Pyridine-Pyridine_pi-pi,25,DMCdla5,Jdimer,-0.003356199769768864,0.03
204,-3.5085145067278063,0.10168655149105318,25_Pyridine-Pyridine_pi-pi,25,DMCdla5,Jdimer,-0.003356199769768864,0.01
205,-3.48764099762775,0.10574686815017093,25_Pyridine-Pyridine_pi-pi,25,DMCdla5,Jdimer,-0.003356199769768864,0.003
206,-4.88513983523444,0.0899455531164017,25_Pyridine-Pyridine_pi-pi,25,DMC,Jdimer,-0.003356199769768864,0.1
207,-3.9483282477303874,0.1310260413050311,25_Pyridine-Pyridine_pi-pi,25,DMC,Jdimer,-0.003356199769768864,0.03
208,-3.624915424530627,0.10191224218981729,25_Pyridine-Pyridine_pi-pi,25,DMC,Jdimer,-0.003356199769768864,0.01
209,-10.691749162302585,0.11389556615079159,26_Uracil-Uracil_pi-pi,26,DMCdla,Jdimer,0.0,0.1
210,-9.60414970110287,0.10885363287730623,26_Uracil-Uracil_pi-pi,26,DMCdla,Jdimer,0.0,0.03
211,-9.317848682301701,0.13834634575456836,26_Uracil-Uracil_pi-pi,26,DMCdla,Jdimer,0.0,0.01
212,-9.589160002797144,0.1310871935210759,26_Uracil-Uracil_pi-pi,26,DMCdla5,Jopt,0.0,0.1
213,-9.395859037700575,0.06063483546624622,26_Uracil-Uracil_pi-pi,26,DMCdla5,Jopt,0.0,0.03
214,-9.353436033197795,0.07578978186415576,26_Uracil-Uracil_pi-pi,26,DMCdla5,Jopt,0.0,0.01
215,-9.290933073294582,0.11118346679262978,26_Uracil-Uracil_pi-pi,26,DMCdla5,Jopt,0.0,0.003
216,-10.731241103392676,0.09228729250054976,26_Uracil-Uracil_pi-pi,26,DMCdla5,Jdimer,0.0,0.3
217,-9.884587140593794,0.1278401578194554,26_Uracil-Uracil_pi-pi,26,DMCdla5,Jdimer,0.0,0.1
218,-9.457595365296584,0.06397618495961106,26_Uracil-Uracil_pi-pi,26,DMCdla5,Jdimer,0.0,0.03
219,-9.41975753440056,0.07554116113495006,26_Uracil-Uracil_pi-pi,26,DMCdla5,Jdimer,0.0,0.01
220,-9.39576020790264,0.09368976395045177,26_Uracil-Uracil_pi-pi,26,DMCdla5,Jdimer,0.0,0.003
221,-3.3168548105277296,0.07846724639269373,27_Benzene-Pyridine_pi-pi,27,DMCdla5,Jopt,-0.007391295075649396,0.1
222,-2.9833334546237893,0.03516691760623186,27_Benzene-Pyridine_pi-pi,27,DMCdla5,Jopt,-0.007391295075649396,0.03
223,-3.0593366406210407,0.08249053702123596,27_Benzene-Pyridine_pi-pi,27,DMCdla5,Jopt,-0.007391295075649396,0.01
224,-3.2745767262276786,0.07600059940328678,27_Benzene-Pyridine_pi-pi,27,DMCdla5,Jdimer,-0.007391295075649396,0.1
225,-2.992986781322543,0.03727632179969456,27_Benzene-Pyridine_pi-pi,27,DMCdla5,Jdimer,-0.007391295075649396,0.03
226,-3.0449825588220847,0.07588058843899535,27_Benzene-Pyridine_pi-pi,27,DMCdla5,Jdimer,-0.007391295075649396,0.01
227,-5.517838541112724,0.10262302351479403,28_Benzene-Uracil_pi-pi,28,DMCdla5,Jopt,-0.2951548210985493,0.1
228,-5.070584899905953,0.07369218845831525,28_Benzene-Uracil_pi-pi,28,DMCdla5,Jopt,-0.2951548210985493,0.03
229,-5.186591703895829,0.08673265177389573,28_Benzene-Uracil_pi-pi,28,DMCdla5,Jopt,-0.2951548210985493,0.01
230,-5.080133350500546,0.08743257662023342,28_Benzene-Uracil_pi-pi,28,DMCdla5,Jopt,-0.2951548210985493,0.003
231,-5.848238286707783,0.10002782449517718,28_Benzene-Uracil_pi-pi,28,DMCdla5,Jdimer,-0.2951548210985493,0.1
232,-5.146414192808152,0.07446392703339998,28_Benzene-Uracil_pi-pi,28,DMCdla5,Jdimer,-0.2951548210985493,0.03
233,-5.233252831094433,0.08051408286030431,28_Benzene-Uracil_pi-pi,28,DMCdla5,Jdimer,-0.2951548210985493,0.01
234,-5.14681094790285,0.0770593145676939,28_Benzene-Uracil_pi-pi,28,DMCdla5,Jdimer,-0.2951548210985493,0.003
235,-6.306117807071132,0.09697653090795473,29_Pyridine-Uracil_pi-pi,29,DMCdla5,Jopt,-0.225538195023546,0.1
236,-6.341400359066029,0.07054464779788545,29_Pyridine-Uracil_pi-pi,29,DMCdla5,Jopt,-0.225538195023546,0.03
237,-6.487310888071079,0.08338092125442771,29_Pyridine-Uracil_pi-pi,29,DMCdla5,Jopt,-0.225538195023546,0.01
238,-6.311286586365895,0.08357490009109897,29_Pyridine-Uracil_pi-pi,29,DMCdla5,Jopt,-0.225538195023546,0.003
239,-6.2288671149653965,0.09554567496890846,29_Pyridine-Uracil_pi-pi,29,DMCdla5,Jdimer,-0.225538195023546,0.1
240,-6.336960720465868,0.07227175175296867,29_Pyridine-Uracil_pi-pi,29,DMCdla5,Jdimer,-0.225538195023546,0.03
241,-6.492617180272646,0.08322725739341268,29_Pyridine-Uracil_pi-pi,29,DMCdla5,Jdimer,-0.225538195023546,0.01
242,-6.343791308965592,0.08427057023925306,29_Pyridine-Uracil_pi-pi,29,DMCdla5,Jdimer,-0.225538195023546,0.003
243,-0.9681754724661005,0.06226985457061834,30_Benzene-Ethene,30,DMCdla5,Jopt,-0.005731047625886276,0.1
244,-1.1518384340924968,0.04669558522935385,30_Benzene-Ethene,30,DMCdla5,Jopt,-0.005731047625886276,0.03
245,-1.136954551713643,0.06099997681505283,30_Benzene-Ethene,30,DMCdla5,Jopt,-0.005731047625886276,0.01
246,-1.105148381617255,0.05729139811637657,30_Benzene-Ethene,30,DMCdla5,Jopt,-0.005731047625886276,0.003
247,-1.3714853684759873,0.0599882633862994,30_Benzene-Ethene,30,DMCdla5,Jdimer,-0.005731047625886276,0.1
248,-1.2286874410438031,0.04798563411321846,30_Benzene-Ethene,30,DMCdla5,Jdimer,-0.005731047625886276,0.03
249,-1.153785492573661,0.05282727570657245,30_Benzene-Ethene,30,DMCdla5,Jdimer,-0.005731047625886276,0.01
250,-1.1470381707349588,0.048938593924180075,30_Benzene-Ethene,30,DMCdla5,Jdimer,-0.005731047625886276,0.003
251,-4.055690463486826,0.08004488061290074,31_Uracil-Ethene,31,DMCdla5,Jopt,-0.318069285407546,0.1
252,-3.363739536009234,0.0637653611236192,31_Uracil-Ethene,31,DMCdla5,Jopt,-0.318069285407546,0.03
253,-3.305550516828589,0.06048337364788086,31_Uracil-Ethene,31,DMCdla5,Jopt,-0.318069285407546,0.01
254,-4.424027751694666,0.07895432840134377,31_Uracil-Ethene,31,DMCdla5,Jdimer,-0.318069285407546,0.1
255,-3.426495577657988,0.06543707951983747,31_Uracil-Ethene,31,DMCdla5,Jdimer,-0.318069285407546,0.03
256,-3.34204183168913,0.0612305946007909,31_Uracil-Ethene,31,DMCdla5,Jdimer,-0.318069285407546,0.01
257,-3.8033999508143097,0.08917273758280597,32_Uracil-Ethyne,32,DMCdla5,Jopt,-0.24571636973996647,0.1
258,-3.6107560975660817,0.05726287483670264,32_Uracil-Ethyne,32,DMCdla5,Jopt,-0.24571636973996647,0.03
259,-3.5576152801868375,0.06804535334218079,32_Uracil-Ethyne,32,DMCdla5,Jopt,-0.24571636973996647,0.01
260,-4.013543268622925,0.0885336335901648,32_Uracil-Ethyne,32,DMCdla5,Jdimer,-0.24571636973996647,0.1
261,-3.671507652104083,0.05878614977661577,32_Uracil-Ethyne,32,DMCdla5,Jdimer,-0.24571636973996647,0.03
262,-3.6457522799983053,0.06749917973925051,32_Uracil-Ethyne,32,DMCdla5,Jdimer,-0.24571636973996647,0.01
263,-1.353573098043853,0.06299943553844073,33_Pyridine-Ethene,33,DMCdla5,Jopt,-0.016118544044729788,0.1
264,-1.587217152278754,0.046305997110936005,33_Pyridine-Ethene,33,DMCdla5,Jopt,-0.016118544044729788,0.03
265,-1.6656159726971964,0.06650594605148095,33_Pyridine-Ethene,33,DMCdla5,Jopt,-0.016118544044729788,0.01
266,-1.3492325563529448,0.06277287291834767,33_Pyridine-Ethene,33,DMCdla5,Jdimer,-0.016118544044729788,0.1
267,-1.5837972277277004,0.048976624514447675,33_Pyridine-Ethene,33,DMCdla5,Jdimer,-0.016118544044729788,0.03
268,-1.6410920785565395,0.06713567186103028,33_Pyridine-Ethene,33,DMCdla5,Jdimer,-0.016118544044729788,0.01
269,-3.294053795572836,0.08003158972661008,34_Pentane-Pentane,34,DMCdla5,Jopt,-0.000281246830127202,0.1
270,-3.58633099047438,0.06976466170250616,34_Pentane-Pentane,34,DMCdla5,Jopt,-0.000281246830127202,0.03
271,-3.5120492412752355,0.08846055874984735,34_Pentane-Pentane,34,DMCdla5,Jopt,-0.000281246830127202,0.01
272,-3.599438719371392,0.08705316232639616,34_Pentane-Pentane,34,DMCdla5,Jdimer,-0.000281246830127202,0.1
273,-3.4356792746693827,0.07775915295363102,34_Pentane-Pentane,34,DMCdla5,Jdimer,-0.000281246830127202,0.03
274,-3.606335272270371,0.08631493415018043,34_Pentane-Pentane,34,DMCdla5,Jdimer,-0.000281246830127202,0.01
275,-2.5210847949929303,0.0675923035631067,35_Neopentane-Pentane,35,DMCdla5,Jopt,0.0008313159924000502,0.1
276,-2.5702140311987023,0.06672866149017774,35_Neopentane-Pentane,35,DMCdla5,Jopt,0.0008313159924000502,0.03
277,-2.4020255557916244,0.07618666559692269,35_Neopentane-Pentane,35,DMCdla5,Jopt,0.0008313159924000502,0.01
278,-3.0015520310917054,0.07208808685133156,35_Neopentane-Pentane,35,DMCdla5,Jdimer,0.0008313159924000502,0.1
279,-2.605556940394308,0.0689377303157626,35_Neopentane-Pentane,35,DMCdla5,Jdimer,0.0008313159924000502,0.03
280,-2.442281719089806,0.07647303335583722,35_Neopentane-Pentane,35,DMCdla5,Jdimer,0.0008313159924000502,0.01
281,-1.9413891755611985,0.08673088564841962,36_Neopentane-Neopentane,36,DMCdla5,Jopt,9.399995906278491e-05,0.1
282,-1.6830675277597038,0.0742436271032914,36_Neopentane-Neopentane,36,DMCdla5,Jopt,9.399995906278491e-05,0.03
283,-1.6948949237557827,0.09153078530146277,36_Neopentane-Neopentane,36,DMCdla5,Jopt,9.399995906278491e-05,0.01
284,-2.596938723960193,0.09413256539675109,36_Neopentane-Neopentane,36,DMCdla5,Jdimer,9.399995906278491e-05,0.1
285,-1.904405061955913,0.07437421533787004,36_Neopentane-Neopentane,36,DMCdla5,Jdimer,9.399995906278491e-05,0.03
286,-1.68112121935701,0.09448679547085059,36_Neopentane-Neopentane,36,DMCdla5,Jdimer,9.399995906278491e-05,0.01
287,-2.000404629001423,0.07076959155700928,37_Cyclopentane-Neopentane,37,DMCdla5,Jopt,0.0004892641009064391,0.1
288,-2.1448024966994126,0.06844162640931138,37_Cyclopentane-Neopentane,37,DMCdla5,Jopt,0.0004892641009064391,0.03
289,-2.156285404598748,0.07485684891569884,37_Cyclopentane-Neopentane,37,DMCdla5,Jopt,0.0004892641009064391,0.01
290,-2.447653976701986,0.07607423492859741,37_Cyclopentane-Neopentane,37,DMCdla5,Jdimer,0.0004892641009064391,0.1
291,-2.3020707308969577,0.0684751923721642,37_Cyclopentane-Neopentane,37,DMCdla5,Jdimer,0.0004892641009064391,0.03
292,-2.198215687796619,0.07626642478684044,37_Cyclopentane-Neopentane,37,DMCdla5,Jdimer,0.0004892641009064391,0.01
293,-2.551850262811058,0.08804657774527516,38_Cyclopentane-Cyclopentane,38,DMCdla5,Jopt,0.013936653413111344,0.1
294,-2.7429295667097904,0.07558451780637505,38_Cyclopentane-Cyclopentane,38,DMCdla5,Jopt,0.013936653413111344,0.03
295,-2.8143663802184165,0.08602266467020461,38_Cyclopentane-Cyclopentane,38,DMCdla5,Jopt,0.013936653413111344,0.01
296,-2.7907994098131894,0.09761825153700744,38_Cyclopentane-Cyclopentane,38,DMCdla5,Jdimer,0.013936653413111344,0.1
297,-2.8361285009086714,0.0755777385859324,38_Cyclopentane-Cyclopentane,38,DMCdla5,Jdimer,0.013936653413111344,0.03
298,-2.9120006510129315,0.08776165368331836,38_Cyclopentane-Cyclopentane,38,DMCdla5,Jdimer,0.013936653413111344,0.01
299,-2.989044426874898,0.07325499312514583,39_Benzene-Cyclopentane,39,DMCdla5,Jopt,0.004993166876374744,0.1
300,-3.211696288177336,0.06435813128687799,39_Benzene-Cyclopentane,39,DMCdla5,Jopt,0.004993166876374744,0.03
301,-3.2228223316742515,0.07764941221266222,39_Benzene-Cyclopentane,39,DMCdla5,Jopt,0.004993166876374744,0.01
302,-3.2912051770763355,0.07412720228964034,39_Benzene-Cyclopentane,39,DMCdla5,Jdimer,0.004993166876374744,0.1
303,-3.3032568843773333,0.06443569212123133,39_Benzene-Cyclopentane,39,DMCdla5,Jdimer,0.004993166876374744,0.03
304,-3.2851398436723684,0.07123450097735677,39_Benzene-Cyclopentane,39,DMCdla5,Jdimer,0.004993166876374744,0.01
305,-2.6795096402383933,0.07661468079112464,40_Benzene-Neopentane,40,DMCdla5,Jopt,0.002170093634049408,0.1
306,-2.5858800722380693,0.05755584765584802,40_Benzene-Neopentane,40,DMCdla5,Jopt,0.002170093634049408,0.03
307,-2.7364852898354,0.07289274895758283,40_Benzene-Neopentane,40,DMCdla5,Jopt,0.002170093634049408,0.01
308,-3.1899705911382625,0.07673819097966604,40_Benzene-Neopentane,40,DMCdla5,Jdimer,0.002170093634049408,0.1
309,-2.7415099684367306,0.057686853630344315,40_Benzene-Neopentane,40,DMCdla5,Jdimer,0.002170093634049408,0.03
310,-2.7430988142368733,0.066484516792703,40_Benzene-Neopentane,40,DMCdla5,Jdimer,0.002170093634049408,0.01
311,-5.747806679566565,0.09892279789518625,41_Uracil-Pentane,41,DMCdla5,Jopt,-0.2866425546380924,0.1
312,-4.783763796269341,0.06744109442811293,41_Uracil-Pentane,41,DMCdla5,Jopt,-0.2866425546380924,0.03
313,-4.57756257726578,0.08432188181110678,41_Uracil-Pentane,41,DMCdla5,Jopt,-0.2866425546380924,0.01
314,-4.448045890359936,0.07903589313554149,41_Uracil-Pentane,41,DMCdla5,Jopt,-0.2866425546380924,0.003
315,-6.048212710364169,0.09934199909476374,41_Uracil-Pentane,41,DMCdla5,Jdimer,-0.2866425546380924,0.1
316,-4.739306102164846,0.07033660442155146,41_Uracil-Pentane,41,DMCdla5,Jdimer,-0.2866425546380924,0.03
317,-4.657866343364731,0.08370796318493243,41_Uracil-Pentane,41,DMCdla5,Jdimer,-0.2866425546380924,0.01
318,-4.463444853365218,0.074469246454703,41_Uracil-Pentane,41,DMCdla5,Jdimer,-0.2866425546380924,0.003
319,-4.625453836979432,0.08329116178312904,42_Uracil-Cyclopentane,42,DMCdla5,Jopt,-0.32578274051775225,0.1
320,-3.722544596879743,0.07254787606221258,42_Uracil-Cyclopentane,42,DMCdla5,Jopt,-0.32578274051775225,0.03
321,-3.6135265310877003,0.07472271756686104,42_Uracil-Cyclopentane,42,DMCdla5,Jopt,-0.32578274051775225,0.01
322,-3.6207258832728257,0.08090357907810673,42_Uracil-Cyclopentane,42,DMCdla5,Jopt,-0.32578274051775225,0.003
323,-4.892641979378823,0.0846847792570962,42_Uracil-Cyclopentane,42,DMCdla5,Jdimer,-0.32578274051775225,0.1
324,-3.800012227777188,0.07326001892618775,42_Uracil-Cyclopentane,42,DMCdla5,Jdimer,-0.32578274051775225,0.03
325,-3.6955044170863403,0.07516402579222314,42_Uracil-Cyclopentane,42,DMCdla5,Jdimer,-0.32578274051775225,0.01
326,-3.9292716856798506,0.09425791727368817,43_Uracil-Neopentane,43,DMCdla5,Jopt,-0.29891375232546125,0.1
327,-3.4121781694739184,0.07094595905262976,43_Uracil-Neopentane,43,DMCdla5,Jopt,-0.29891375232546125,0.03
328,-3.545936700371385,0.08038046594045557,43_Uracil-Neopentane,43,DMCdla5,Jopt,-0.29891375232546125,0.01
329,-3.4119563482636295,0.08443419382936383,43_Uracil-Neopentane,43,DMCdla5,Jopt,-0.29891375232546125,0.003
330,-4.404760028777673,0.09491597186983261,43_Uracil-Neopentane,43,DMCdla5,Jdimer,-0.29891375232546125,0.1
331,-3.5537151003700274,0.07170964568178498,43_Uracil-Neopentane,43,DMCdla5,Jdimer,-0.29891375232546125,0.03
332,-3.572210598773381,0.08117315299756904,43_Uracil-Neopentane,43,DMCdla5,Jdimer,-0.29891375232546125,0.01
333,-1.566842195821664,0.056527909171578426,44_Ethene-Pentane,44,DMCdla5,Jopt,-0.0005074616710771807,0.1
334,-1.9366487679508282,0.054843795812684705,44_Ethene-Pentane,44,DMCdla5,Jopt,-0.0005074616710771807,0.03
335,-1.82777776747389,0.06348921099497572,44_Ethene-Pentane,44,DMCdla5,Jopt,-0.0005074616710771807,0.01
336,-1.940158377030457,0.05937586710087249,44_Ethene-Pentane,44,DMCdla5,Jdimer,-0.0005074616710771807,0.1
337,-1.8932107879008981,0.058434444079770095,44_Ethene-Pentane,44,DMCdla5,Jdimer,-0.0005074616710771807,0.03
338,-1.8782513472287974,0.06354118737642092,44_Ethene-Pentane,44,DMCdla5,Jdimer,-0.0005074616710771807,0.01
339,-1.278884946652397,0.0548031934470229,45_Ethyne-Pentane,45,DMCdla5,Jopt,0.008355641701200511,0.1
340,-1.6443473163126328,0.050575714555912345,45_Ethyne-Pentane,45,DMCdla5,Jopt,0.008355641701200511,0.03
341,-1.549920542332984,0.056643028620127836,45_Ethyne-Pentane,45,DMCdla5,Jopt,0.008355641701200511,0.01
342,-1.4940071574601461,0.058252065871983776,45_Ethyne-Pentane,45,DMCdla5,Jdimer,0.008355641701200511,0.1
343,-1.5989048491501308,0.05408724149690307,45_Ethyne-Pentane,45,DMCdla5,Jdimer,0.008355641701200511,0.03
344,-1.6520398070388183,0.055227322933251874,45_Ethyne-Pentane,45,DMCdla5,Jdimer,0.008355641701200511,0.01
345,-4.734870516665978,0.06978381501887085,46_Peptide-Pentane,46,DMCdla5,Jopt,0.015597089062794112,0.1
346,-4.148403551167576,0.06457306710346938,46_Peptide-Pentane,46,DMCdla5,Jopt,0.015597089062794112,0.03
347,-3.979977849361603,0.07654192417892579,46_Peptide-Pentane,46,DMCdla5,Jopt,0.015597089062794112,0.01
348,-3.791618401563028,0.07188817547363713,46_Peptide-Pentane,46,DMCdla5,Jopt,0.015597089062794112,0.003
349,-5.317854653865652,0.07248317950269752,46_Peptide-Pentane,46,DMCdla5,Jdimer,0.015597089062794112,0.1
350,-4.250181107963726,0.06683077555296114,46_Peptide-Pentane,46,DMCdla5,Jdimer,0.015597089062794112,0.03
351,-4.040777408157737,0.07926258922097382,46_Peptide-Pentane,46,DMCdla5,Jdimer,0.015597089062794112,0.01
352,-3.8602413577609695,0.0740290106758951,46_Peptide-Pentane,46,DMCdla5,Jdimer,0.015597089062794112,0.003
353,-2.6007702919087023,0.09536380967627299,47_Benzene-Benzene_TS,47,DMCdla5,Jopt,0.001468168804422021,0.1
354,-2.610327297799813,0.04451363776088876,47_Benzene-Benzene_TS,47,DMCdla5,Jopt,0.001468168804422021,0.03
355,-2.682665537307912,0.08801657184349479,47_Benzene-Benzene_TS,47,DMCdla5,Jopt,0.001468168804422021,0.01
356,-2.582216090107977,0.10144655657290873,47_Benzene-Benzene_TS,47,DMCdla5,Jopt,0.001468168804422021,0.003
357,-3.432589349504269,0.08699789939335188,47_Benzene-Benzene_TS,47,DMCdla5,Jdimer,0.001468168804422021,0.7
358,-3.5257954378030263,0.061692234113589345,47_Benzene-Benzene_TS,47,DMCdla5,Jdimer,0.001468168804422021,0.3
359,-2.9661426453094464,0.0884947762389461,47_Benzene-Benzene_TS,47,DMCdla5,Jdimer,0.001468168804422021,0.1
360,-2.7002495560009265,0.04497161476507903,47_Benzene-Benzene_TS,47,DMCdla5,Jdimer,0.001468168804422021,0.03
361,-2.709666290509631,0.060202986212456816,47_Benzene-Benzene_TS,47,DMCdla5,Jdimer,0.001468168804422021,0.01
362,-2.6107441503045266,0.08396502419576894,47_Benzene-Benzene_TS,47,DMCdla5,Jdimer,0.001468168804422021,0.003
363,-4.066223497218743,0.09111852986868778,48_Pyridine-Pyridine_TS,48,DMCdla5,Jopt,-0.001693881582468748,0.1
364,-3.577890064821986,0.06415284810086848,48_Pyridine-Pyridine_TS,48,DMCdla5,Jopt,-0.001693881582468748,0.03
365,-3.4913892666154425,0.10215075332587897,48_Pyridine-Pyridine_TS,48,DMCdla5,Jopt,-0.001693881582468748,0.01
366,-3.6162949752178974,0.08967411372659832,48_Pyridine-Pyridine_TS,48,DMCdla5,Jdimer,-0.001693881582468748,0.1
367,-3.5072744600183796,0.0684532981202921,48_Pyridine-Pyridine_TS,48,DMCdla5,Jdimer,-0.001693881582468748,0.03
368,-3.4356803498158115,0.10183316645579453,48_Pyridine-Pyridine_TS,48,DMCdla5,Jdimer,-0.001693881582468748,0.01
369,-3.5154910153760284,0.08111079288377543,49_Benzene-Pyridine_TS,49,DMCdla5,Jopt,0.0022912644781172276,0.1
370,-3.101237466380553,0.06142922036274909,49_Benzene-Pyridine_TS,49,DMCdla5,Jopt,0.0022912644781172276,0.03
371,-3.1206062979799754,0.07849388211214436,49_Benzene-Pyridine_TS,49,DMCdla5,Jopt,0.0022912644781172276,0.01
372,-3.1383733567781746,0.07130619790940583,49_Benzene-Pyridine_TS,49,DMCdla5,Jopt,0.0022912644781172276,0.003
373,-3.4732129310759774,0.07872701617260673,49_Benzene-Pyridine_TS,49,DMCdla5,Jdimer,0.0022912644781172276,0.1
374,-3.1108907930793066,0.06266068294685329,49_Benzene-Pyridine_TS,49,DMCdla5,Jdimer,0.0022912644781172276,0.03
375,-3.1062522161810193,0.07151548456685106,49_Benzene-Pyridine_TS,49,DMCdla5,Jdimer,0.0022912644781172276,0.01
376,-3.132728542175755,0.07271187771035138,49_Benzene-Pyridine_TS,49,DMCdla5,Jdimer,0.0022912644781172276,0.003
377,-2.664181149239994,0.06526923989007652,50_Benzene-Ethyne_CH-pi,50,DMCdla5,Jopt,-0.01608233711158391,0.1
378,-2.7620130318982774,0.04338368869575792,50_Benzene-Ethyne_CH-pi,50,DMCdla5,Jopt,-0.01608233711158391,0.03
379,-2.8707098455188316,0.06074781309934123,50_Benzene-Ethyne_CH-pi,50,DMCdla5,Jopt,-0.01608233711158391,0.01
380,-2.909297074850656,0.06356850414614379,50_Benzene-Ethyne_CH-pi,50,DMCdla5,Jdimer,-0.01608233711158391,0.1
381,-2.836857551738831,0.04432913624605292,50_Benzene-Ethyne_CH-pi,50,DMCdla5,Jdimer,-0.01608233711158391,0.03
382,-2.9391864713297764,0.05094156073547325,50_Benzene-Ethyne_CH-pi,50,DMCdla5,Jdimer,-0.01608233711158391,0.01
383,-1.7081957066602627,0.04609625829747385,51_Ethyne-Ethyne_TS,51,DMCdla5,Jopt,-0.056367904238868505,0.1
384,-1.667297065781895,0.038595801890720115,51_Ethyne-Ethyne_TS,51,DMCdla5,Jopt,-0.056367904238868505,0.03
385,-1.5126948340202944,0.04802353332094502,51_Ethyne-Ethyne_TS,51,DMCdla5,Jopt,-0.056367904238868505,0.01
386,-1.8330552044808428,0.05011307192358576,51_Ethyne-Ethyne_TS,51,DMCdla5,Jdimer,-0.056367904238868505,0.1
387,-1.7270638472618884,0.04219437447811519,51_Ethyne-Ethyne_TS,51,DMCdla5,Jdimer,-0.056367904238868505,0.03
388,-1.622647332440465,0.045252186445136504,51_Ethyne-Ethyne_TS,51,DMCdla5,Jdimer,-0.056367904238868505,0.01
389,-4.3002583331290225,0.0849483470324157,52_Benzene-AcOH_OH-pi,52,DMCdla5,Jopt,-1.2574736555689014,0.1
390,-4.589415543527139,0.06093055600523722,52_Benzene-AcOH_OH-pi,52,DMCdla5,Jopt,-1.2574736555689014,0.03
391,-4.486859190034011,0.08770737649376517,52_Benzene-AcOH_OH-pi,52,DMCdla5,Jopt,-1.2574736555689014,0.01
392,-4.941207062031026,0.08126779162575387,52_Benzene-AcOH_OH-pi,52,DMCdla5,Jdimer,-1.2574736555689014,0.1
393,-4.924537469727511,0.06183832448476577,52_Benzene-AcOH_OH-pi,52,DMCdla5,Jdimer,-1.2574736555689014,0.03
394,-4.673473257837031,0.07986789087663758,52_Benzene-AcOH_OH-pi,52,DMCdla5,Jdimer,-1.2574736555689014,0.01
395,-4.96643549671353,0.071528284244563,53_Benzene-AcNH2_NH-pi,53,DMCdla5,Jopt,-0.6044553167885169,0.1
396,-4.438767509709578,0.05879356826145559,53_Benzene-AcNH2_NH-pi,53,DMCdla5,Jopt,-0.6044553167885169,0.03
397,-4.325906121212029,0.06512501027832318,53_Benzene-AcNH2_NH-pi,53,DMCdla5,Jopt,-0.6044553167885169,0.01
398,-5.418113200616062,0.07389280617038543,53_Benzene-AcNH2_NH-pi,53,DMCdla5,Jdimer,-0.6044553167885169,0.1
399,-4.614652753709379,0.05893755006053748,53_Benzene-AcNH2_NH-pi,53,DMCdla5,Jdimer,-0.6044553167885169,0.03
400,-4.376623164713237,0.05884828990303808,53_Benzene-AcNH2_NH-pi,53,DMCdla5,Jdimer,-0.6044553167885169,0.01
401,-3.630278449427351,0.06297138371513293,54_Benzene-Water_OH-pi,54,DMCdla5,Jopt,0.044323548921965994,0.1
402,-3.2809538917226746,0.04628254762051856,54_Benzene-Water_OH-pi,54,DMCdla5,Jopt,0.044323548921965994,0.03
403,-3.193271072123025,0.06205681907161376,54_Benzene-Water_OH-pi,54,DMCdla5,Jopt,0.044323548921965994,0.01
404,-3.9304308733262587,0.060196740697811474,54_Benzene-Water_OH-pi,54,DMCdla5,Jdimer,0.044323548921965994,0.1
405,-3.3590589369232475,0.04699440225872613,54_Benzene-Water_OH-pi,54,DMCdla5,Jdimer,0.044323548921965994,0.03
406,-3.220706700523806,0.053269549220544,54_Benzene-Water_OH-pi,54,DMCdla5,Jdimer,0.044323548921965994,0.01
407,-3.8831566566550464,0.06890854126572994,55_Benzene-MeOH_OH-pi,55,DMCdla5,Jopt,0.003973286249674857,0.1
408,-4.019473623548038,0.04856152974996461,55_Benzene-MeOH_OH-pi,55,DMCdla5,Jopt,0.003973286249674857,0.03
409,-3.9848459687491413,0.06607645941577273,55_Benzene-MeOH_OH-pi,55,DMCdla5,Jopt,0.003973286249674857,0.01
410,-4.343081927154344,0.06601963576702916,55_Benzene-MeOH_OH-pi,55,DMCdla5,Jdimer,0.003973286249674857,0.1
411,-4.084500669849149,0.04958587690392035,55_Benzene-MeOH_OH-pi,55,DMCdla5,Jdimer,0.003973286249674857,0.03
412,-4.010004881451096,0.057469823569813165,55_Benzene-MeOH_OH-pi,55,DMCdla5,Jdimer,0.003973286249674857,0.01
413,-2.9111849898690707,0.06749865123746267,56_Benzene-MeNH2_NH-pi,56,DMCdla5,Jopt,-0.0005966298340354115,0.1
414,-2.949574418564225,0.050687187463006544,56_Benzene-MeNH2_NH-pi,56,DMCdla5,Jopt,-0.0005966298340354115,0.03
415,-3.081613343762001,0.0643598957150751,56_Benzene-MeNH2_NH-pi,56,DMCdla5,Jopt,-0.0005966298340354115,0.01
416,-3.1232701986682514,0.06426952438876986,56_Benzene-MeNH2_NH-pi,56,DMCdla5,Jdimer,-0.0005966298340354115,0.1
417,-2.991961012365209,0.05060958116980601,56_Benzene-MeNH2_NH-pi,56,DMCdla5,Jdimer,-0.0005966298340354115,0.03
418,-3.032990838462865,0.05583543925092511,56_Benzene-MeNH2_NH-pi,56,DMCdla5,Jdimer,-0.0005966298340354115,0.01
419,-5.4016654073602695,0.07968284114408483,57_Benzene-Peptide_NH-pi,57,DMCdla5,Jopt,0.0027571854589041322,0.1
420,-5.171848162255628,0.06596680294185812,57_Benzene-Peptide_NH-pi,57,DMCdla5,Jopt,0.0027571854589041322,0.03
421,-5.142658467262663,0.07329607501891691,57_Benzene-Peptide_NH-pi,57,DMCdla5,Jopt,0.0027571854589041322,0.01
422,-6.014643259361037,0.07825824890842857,57_Benzene-Peptide_NH-pi,57,DMCdla5,Jdimer,0.0027571854589041322,0.1
423,-5.393912706054834,0.06605824507053265,57_Benzene-Peptide_NH-pi,57,DMCdla5,Jdimer,0.0027571854589041322,0.03
424,-5.169815387162089,0.06970887901034883,57_Benzene-Peptide_NH-pi,57,DMCdla5,Jdimer,0.0027571854589041322,0.01
425,-4.403533323231386,0.08990517408649362,58_Pyridine-Pyridine_CH-N,58,DMCdla5,Jopt,0.035279159928904846,0.1
426,-4.312950320832897,0.06093113274934948,58_Pyridine-Pyridine_CH-N,58,DMCdla5,Jopt,0.035279159928904846,0.03
427,-4.479552132324898,0.09841175463968965,58_Pyridine-Pyridine_CH-N,58,DMCdla5,Jopt,0.035279159928904846,0.01
428,-3.95360480123054,0.08844094365588075,58_Pyridine-Pyridine_CH-N,58,DMCdla5,Jdimer,0.035279159928904846,0.1
429,-4.242334716029291,0.06544363255666154,58_Pyridine-Pyridine_CH-N,58,DMCdla5,Jdimer,0.035279159928904846,0.03
430,-4.423843215525267,0.09808206174745442,58_Pyridine-Pyridine_CH-N,58,DMCdla5,Jdimer,0.035279159928904846,0.01
431,-3.5121822578239517,0.04461238376848752,59_Ethyne-Water_CH-O,59,DMCdla5,Jopt,-0.011488701427879278,0.1
432,-3.146375295282269,0.033752079140414,59_Ethyne-Water_CH-O,59,DMCdla5,Jopt,-0.011488701427879278,0.03
433,-3.0475028713044594,0.03690197949365565,59_Ethyne-Water_CH-O,59,DMCdla5,Jopt,-0.011488701427879278,0.01
434,-3.6920782539309585,0.04539673600484327,59_Ethyne-Water_CH-O,59,DMCdla5,Jdimer,-0.011488701427879278,0.1
435,-3.2094026021222817,0.03560953885190495,59_Ethyne-Water_CH-O,59,DMCdla5,Jdimer,-0.011488701427879278,0.03
436,-3.116414372312647,0.03625405729471475,59_Ethyne-Water_CH-O,59,DMCdla5,Jdimer,-0.011488701427879278,0.01
437,-4.963042780636897,0.06630692205451832,60_Ethyne-AcOH_OH-pi,60,DMCdla5,Jopt,-1.2282333335169824,0.1
438,-5.016450565588457,0.05687119922699592,60_Ethyne-AcOH_OH-pi,60,DMCdla5,Jopt,-1.2282333335169824,0.03
439,-4.975556305114878,0.0628365618383496,60_Ethyne-AcOH_OH-pi,60,DMCdla5,Jopt,-1.2282333335169824,0.01
440,-5.483735081747,0.06478569776792384,60_Ethyne-AcOH_OH-pi,60,DMCdla5,Jdimer,-1.2282333335169824,0.1
441,-5.336494753428269,0.05837992637052275,60_Ethyne-AcOH_OH-pi,60,DMCdla5,Jdimer,-1.2282333335169824,0.03
442,-5.203646245525306,0.0600061172234421,60_Ethyne-AcOH_OH-pi,60,DMCdla5,Jdimer,-1.2282333335169824,0.01
443,-3.514011323924933,0.07493237827669866,61_Pentane-AcOH,61,DMCdla5,Jopt,-1.2965146959759295,0.1
444,-2.8044015339255566,0.06606142747318738,61_Pentane-AcOH,61,DMCdla5,Jopt,-1.2965146959759295,0.03
445,-2.52326695832744,0.07433568320972474,61_Pentane-AcOH,61,DMCdla5,Jopt,-1.2965146959759295,0.01
446,-2.7250229328237765,0.0707790391564696,61_Pentane-AcOH,61,DMCdla5,Jopt,-1.2965146959759295,0.003
447,-4.124966338025843,0.07491412236155251,61_Pentane-AcOH,61,DMCdla5,Jdimer,-1.2965146959759295,0.1
448,-3.0192364731228736,0.06899388983238683,61_Pentane-AcOH,61,DMCdla5,Jdimer,-1.2965146959759295,0.03
449,-2.743523665027169,0.07175631396065171,61_Pentane-AcOH,61,DMCdla5,Jdimer,-1.2965146959759295,0.01
450,-2.736785521326965,0.07394507413699496,61_Pentane-AcOH,61,DMCdla5,Jdimer,-1.2965146959759295,0.003
451,-4.35502498268761,0.07286213630486495,62_Pentane-AcNH2,62,DMCdla5,Jopt,-0.6733450434112456,0.1
452,-3.4412987571886333,0.06271920868136432,62_Pentane-AcNH2,62,DMCdla5,Jopt,-0.6733450434112456,0.03
453,-3.209333456492459,0.06839727994339577,62_Pentane-AcNH2,62,DMCdla5,Jopt,-0.6733450434112456,0.01
454,-3.1274384394855588,0.0666124045830015,62_Pentane-AcNH2,62,DMCdla5,Jopt,-0.6733450434112456,0.003
455,-4.7767089717890485,0.07913137422340175,62_Pentane-AcNH2,62,DMCdla5,Jdimer,-0.6733450434112456,0.1
456,-3.496897014185379,0.06507879216974567,62_Pentane-AcNH2,62,DMCdla5,Jdimer,-0.6733450434112456,0.03
457,-3.293693138890376,0.06954797522369155,62_Pentane-AcNH2,62,DMCdla5,Jdimer,-0.6733450434112456,0.01
458,-3.2596616328046366,0.07763585966685713,63_Benzene-AcOH,63,DMCdla5,Jopt,-1.292457575298613,0.1
459,-3.450600061700243,0.06302001347770343,63_Benzene-AcOH,63,DMCdla5,Jopt,-1.292457575298613,0.03
460,-3.5370990228002483,0.07364764462161588,63_Benzene-AcOH,63,DMCdla5,Jopt,-1.292457575298613,0.01
461,-3.5208100868039764,0.07641507191458688,63_Benzene-AcOH,63,DMCdla5,Jopt,-1.292457575298613,0.003
462,-3.90061036170664,0.0735904817106068,63_Benzene-AcOH,63,DMCdla5,Jdimer,-1.292457575298613,0.1
463,-3.785721987900615,0.06389810496959791,63_Benzene-AcOH,63,DMCdla5,Jdimer,-1.292457575298613,0.03
464,-3.723713090603269,0.06411140039006515,63_Benzene-AcOH,63,DMCdla5,Jdimer,-1.292457575298613,0.01
465,-3.583851309704187,0.0727471722083777,63_Benzene-AcOH,63,DMCdla5,Jdimer,-1.292457575298613,0.003
466,-3.1465267182065872,0.063940317942579,64_Peptide-Ethene,64,DMCdla5,Jopt,-0.00908291768428171,0.1
467,-2.8673395815349068,0.0669364720297924,64_Peptide-Ethene,64,DMCdla5,Jopt,-0.00908291768428171,0.03
468,-2.8362704278533784,0.0651613114933697,64_Peptide-Ethene,64,DMCdla5,Jopt,-0.00908291768428171,0.01
469,-2.769697765355886,0.06225613500554958,64_Peptide-Ethene,64,DMCdla5,Jopt,-0.00908291768428171,0.003
470,-3.7974421128164977,0.06492984638108969,64_Peptide-Ethene,64,DMCdla5,Jdimer,-0.00908291768428171,0.1
471,-3.076330874084306,0.06778064802452162,64_Peptide-Ethene,64,DMCdla5,Jdimer,-0.00908291768428171,0.03
472,-2.853257535411103,0.06974232780363629,64_Peptide-Ethene,64,DMCdla5,Jdimer,-0.00908291768428171,0.01
473,-2.902961084872004,0.06257969471995374,64_Peptide-Ethene,64,DMCdla5,Jdimer,-0.00908291768428171,0.003
474,-4.2386759309620174,0.060315202134363685,65_Pyridine-Ethyne,65,DMCdla5,Jopt,0.022383408511814196,0.1
475,-4.291965695924773,0.04669478537986533,65_Pyridine-Ethyne,65,DMCdla5,Jopt,0.022383408511814196,0.03
476,-4.2699266481422455,0.06169444584249093,65_Pyridine-Ethyne,65,DMCdla5,Jopt,0.022383408511814196,0.01
477,-4.0761414188718845,0.06057435424717211,65_Pyridine-Ethyne,65,DMCdla5,Jdimer,0.022383408511814196,0.1
478,-4.286541284262967,0.04894539647605004,65_Pyridine-Ethyne,65,DMCdla5,Jdimer,0.022383408511814196,0.03
479,-4.297048438952515,0.061035925081165614,65_Pyridine-Ethyne,65,DMCdla5,Jdimer,0.022383408511814196,0.01
480,-3.8211449168120453,0.06486588253006564,66_MeNH2-Pyridine,66,DMCdla5,Jopt,0.0012866949109593406,0.1
481,-3.9765137532122026,0.04829070901055519,66_MeNH2-Pyridine,66,DMCdla5,Jopt,0.0012866949109593406,0.03
482,-3.995998202208284,0.0648436859551519,66_MeNH2-Pyridine,66,DMCdla5,Jopt,0.0012866949109593406,0.01
483,-3.625579687908612,0.06350223856754299,66_MeNH2-Pyridine,66,DMCdla5,Jdimer,0.0012866949109593406,0.1
484,-3.9386314155126456,0.04956260978873781,66_MeNH2-Pyridine,66,DMCdla5,Jdimer,0.0012866949109593406,0.03
485,-3.9060208619084733,0.06476524837462579,66_MeNH2-Pyridine,66,DMCdla5,Jdimer,0.0012866949109593406,0.01
