,ene,err,units,TotTimeSim[au],Pop,Pop-err,Var[au],tau_eff[au],corr-time[au],tau,name,i,dmc_type,Nelv
0,-21609.3203117517,0.0304674666484188,kcal/mol,1050.0,63898.45942307692,1.2466544207980772,0.5237793203127573,0.08562330574130549,0.24913414184719823,0.1,01_Water-Water,1,DMCdla5,16
1,-21604.400930886,0.0231465077786707,kcal/mol,1215.0,63980.995991634714,0.6501401610309862,0.5238612577389523,0.028882892599732948,0.18086298748369378,0.03,01_Water-Water,1,DMCdla5,16
2,-21603.9201237714,0.0261183708410063,kcal/mol,1005.0,63980.92201005025,0.43308853950056975,0.5375139474599866,0.009907592704586098,0.196763256619075,0.01,01_Water-Water,1,DMCdla5,16
3,-21603.9745711407,0.0252596564983912,kcal/mol,1201.5,63994.58279157833,0.2198454567181318,0.5408061717374198,0.0029945123338876835,0.17831660093009108,0.003,01_Water-Water,1,DMCdla5,16
4,-21604.0342674093,0.0246862587657743,kcal/mol,1000.5,63991.396458354364,0.14156891628379983,0.5312942210873576,0.0009995971965992537,0.16801089394027072,0.001,01_Water-Water,1,DMCdla5,16
5,-25914.0704610886,0.034616575203035,kcal/mol,1050.0,63881.76298076923,1.4059129125747,0.6606801800818509,0.08738207362759189,0.30413716536767205,0.1,02_Water-MeOH,2,DMCdla5,22
6,-25909.1954235607,0.0296246854590474,kcal/mol,1215.0,63974.26716626002,0.707864257361265,0.653365365968408,0.0290417404905816,0.23361048762693584,0.03,02_Water-MeOH,2,DMCdla5,22
7,-25908.8623250494,0.0310960256044209,kcal/mol,1005.0,63986.832582914576,0.45717764610270195,0.6665203310087208,0.009921775631755324,0.22364643778037546,0.01,02_Water-MeOH,2,DMCdla5,22
8,-25909.0171767581,0.0266132489100855,kcal/mol,1201.5,63981.64004723466,0.2316505269551347,0.6725930929567734,0.0029953932803146416,0.22445308292209074,0.003,02_Water-MeOH,2,DMCdla5,22
9,-22481.4963861055,0.0315802799555201,kcal/mol,1050.0,63920.24528846154,1.2754288245949192,0.5143230891700964,0.08899848861750823,0.3223116847378999,0.1,03_Water-MeNH2,3,DMCdla5,22
10,-22478.0099117232,0.028734616661334,kcal/mol,1215.0,63980.52920380421,0.6814149300549903,0.536714498632591,0.02918975901899821,0.27963100419315556,0.03,03_Water-MeNH2,3,DMCdla5,22
11,-22477.7858848771,0.0317882268325493,kcal/mol,1005.0,63979.799477386936,0.437795101704613,0.5459174978371238,0.009935069692153263,0.26456243239259897,0.01,03_Water-MeNH2,3,DMCdla5,22
12,-22477.9773075846,0.0294435910471048,kcal/mol,1201.5,64001.20395753917,0.22134217059342567,0.5454182606769078,0.0029962185831175314,0.2872865520243189,0.003,03_Water-MeNH2,3,DMCdla5,22
13,-40418.2575167209,0.0453676074377304,kcal/mol,1050.0,63894.54134615385,1.6511126236233036,1.0164135287037428,0.0885650742155914,0.34247099876460585,0.1,04_Water-Peptide,4,DMCdla5,38
14,-40411.9342093682,0.0466345469055929,kcal/mol,885.0,63965.68576424604,0.9973905046125391,1.0409893784490425,0.029153129237541462,0.3043847415106535,0.03,04_Water-Peptide,4,DMCdla5,38
15,-40411.6943865463,0.0474517622858354,kcal/mol,1005.0,63995.11324623116,0.5306221598113237,1.0462885063591831,0.009931896268905668,0.2634975496682838,0.01,04_Water-Peptide,4,DMCdla5,38
16,-40412.0694571423,0.0387318907883256,kcal/mol,1201.5,63989.29553385738,0.277122037000364,1.0411516937402168,0.0029960247633427388,0.2642612309621039,0.003,04_Water-Peptide,4,DMCdla5,38
17,-30218.9562603099,0.0429490101295952,kcal/mol,1050.0,63879.38711538461,1.449594959940271,0.7535644003204577,0.0883848435318576,0.31135679016172624,0.1,05_MeOH-MeOH,5,DMCdla5,28
18,-30213.631050099,0.035868583045351,kcal/mol,1215.0,63980.97087088582,0.7766144207147351,0.7823015861268011,0.029133174674672732,0.28234771816500226,0.03,05_MeOH-MeOH,5,DMCdla5,28
19,-30213.3401382507,0.0401096564928657,kcal/mol,810.0,63980.505175,0.794432613511002,0.7951762471786886,0.019653115449802035,0.26754011592945304,0.02,05_MeOH-MeOH,5,DMCdla5,28
20,-30213.4383163729,0.034405593730381,kcal/mol,1005.0,63986.96126633166,0.4815950099462242,0.798651403918781,0.009929956548459441,0.25737740924249475,0.01,05_MeOH-MeOH,5,DMCdla5,28
21,-30213.3174170097,0.0339138094979289,kcal/mol,1203.0,63983.433273148825,0.3497198646840804,0.7911807036198177,0.005978858361922098,0.26497955633044923,0.006,05_MeOH-MeOH,5,DMCdla5,28
22,-30213.5060558392,0.0259094540515649,kcal/mol,2101.5,63992.49641261909,0.18600326358552888,0.8008976618551913,0.002995901173505324,0.26136587131300165,0.003,05_MeOH-MeOH,5,DMCdla5,28
23,-26786.1176507218,0.0386016851021255,kcal/mol,1050.0,63916.416923076926,1.4302731941919573,0.6357673355304753,0.08965953530697458,0.39022315136098457,0.1,06_MeOH-MeNH2,6,DMCdla5,28
24,-26782.6536813865,0.035906526184222,kcal/mol,1215.0,63971.25021162177,0.7613318896474733,0.6677962371045666,0.029250362207557085,0.34440166114816534,0.03,06_MeOH-MeNH2,6,DMCdla5,28
25,-26782.6448492137,0.0335921882477383,kcal/mol,1005.0,63986.865095477384,0.4767400626236471,0.6362726419944866,0.009940497542445486,0.27065053767188213,0.01,06_MeOH-MeNH2,6,DMCdla5,28
26,-26782.8477922932,0.0304947725598732,kcal/mol,1201.5,63996.885209207234,0.2362220572172403,0.6667902427843732,0.002996555121243041,0.30293051941200705,0.003,06_MeOH-MeNH2,6,DMCdla5,28
27,-44722.8150425925,0.048688260608871,kcal/mol,1050.0,63887.485,1.602326159956717,1.119229221758201,0.0890505864550974,0.3407540585234773,0.1,07_MeOH-Peptide,7,DMCdla5,44
28,-44716.2528906498,0.0466110355140915,kcal/mol,1215.0,63972.68724792113,0.9109272236293646,1.1975254698123372,0.02919714341474503,0.3315147492230586,0.03,07_MeOH-Peptide,7,DMCdla5,44
29,-44716.0695772407,0.0491879664622354,kcal/mol,935.0,63994.45860540541,0.5898968994859194,1.1631406720199555,0.00993582055055068,0.308947784001915,0.01,07_MeOH-Peptide,7,DMCdla5,44
30,-44716.4481746975,0.0426168141631627,kcal/mol,1201.5,64006.847074019424,0.2796024449862501,1.1672261464387825,0.0029962682588833803,0.2628191570860588,0.003,07_MeOH-Peptide,7,DMCdla5,44
31,-25913.654752804,0.0340447040035244,kcal/mol,1050.0,63891.17971153846,1.380486086360838,0.6565156868248152,0.08738058924046896,0.31081497826538385,0.1,08_MeOH-Water,8,DMCdla5,22
32,-25908.6099204874,0.0294045782561564,kcal/mol,1215.0,63978.11367823532,0.7122676287708245,0.6640566391394577,0.029041362361342797,0.270436104426056,0.03,08_MeOH-Water,8,DMCdla5,22
33,-25908.2256373663,0.0306758651505636,kcal/mol,1005.0,63990.44761809045,0.46980312407655367,0.6756615415925868,0.009921737788717404,0.2274531842399823,0.01,08_MeOH-Water,8,DMCdla5,22
34,-25908.4468229029,0.0309883190343173,kcal/mol,1201.5,63989.28595348041,0.24010462823188033,0.6833663523771463,0.002995390318218294,0.2502302727872621,0.003,08_MeOH-Water,8,DMCdla5,22
35,-26781.7486259605,0.0368337143396762,kcal/mol,1050.0,63934.23951923077,1.4642437136293187,0.6501278680222454,0.08966552195448292,0.3466548786303276,0.1,09_MeNH2-MeOH,9,DMCdla5,28
36,-26778.2180924032,0.0375003995699112,kcal/mol,1215.0,63978.054797590004,0.7313454621942277,0.6752616149542794,0.02925089181737738,0.3416923742529517,0.03,09_MeNH2-MeOH,9,DMCdla5,28
37,-26778.165162762,0.0349229369254902,kcal/mol,1005.0,63981.68553768844,0.47677099468013834,0.6548357462048922,0.009940535806617835,0.28592801407327645,0.01,09_MeNH2-MeOH,9,DMCdla5,28
38,-26778.355903955,0.0364880931740977,kcal/mol,1201.5,64001.399319176366,0.24697363351821494,0.6868741777112681,0.0029965579254134945,0.3337707925688832,0.003,09_MeNH2-MeOH,9,DMCdla5,28
39,-23348.1312615688,0.0355261501006498,kcal/mol,1050.0,63944.82846153846,1.3131023415257015,0.5057954195964207,0.09094727434954485,0.4103038899980342,0.1,10_MeNH2-MeNH2,10,DMCdla5,28
40,-23346.6259242762,0.0330828779236562,kcal/mol,1215.0,63986.66528905044,0.7152676768520647,0.5179091983851181,0.02936830536399909,0.3648024760176873,0.03,10_MeNH2-MeNH2,10,DMCdla5,28
41,-23346.9002749619,0.0340277406769005,kcal/mol,1005.0,63981.91944723618,0.45478023332820655,0.5218678161085595,0.009951092230158234,0.3205141950200906,0.01,10_MeNH2-MeNH2,10,DMCdla5,28
42,-23347.067890432,0.0302215092752296,kcal/mol,1201.5,63989.52636932668,0.22558178641861995,0.518481100313179,0.0029972130025169488,0.33337386457116525,0.003,10_MeNH2-MeNH2,10,DMCdla5,28
43,-41285.0882480382,0.0418023154894357,kcal/mol,1050.0,63902.20115384615,1.572586852064269,0.9939889608044554,0.08986701958539098,0.3474467965680026,0.1,11_MeNH2-Peptide,11,DMCdla5,44
44,-41280.7412477076,0.0403990859272365,kcal/mol,1215.0,63977.507294726885,0.8365778804023883,0.9987917428165338,0.02927242557019963,0.31951111525988474,0.03,11_MeNH2-Peptide,11,DMCdla5,44
45,-41280.90379681,0.0487928905250593,kcal/mol,975.0,63992.646497409325,0.5578392070101167,1.0629849350605953,0.009942603070758617,0.3276962085972273,0.01,11_MeNH2-Peptide,11,DMCdla5,44
46,-41281.1408294826,0.0446046318952662,kcal/mol,1201.5,63989.616472709145,0.26946758010860217,1.045458197237779,0.0029966890611121413,0.32621634942143635,0.003,11_MeNH2-Peptide,11,DMCdla5,44
47,-22481.6633953004,0.0302784443523404,kcal/mol,1050.0,63915.270576923074,1.2816331454293817,0.5118570862643281,0.08899848585624635,0.30169157973480454,0.1,12_MeNH2-Water,12,DMCdla5,22
48,-22478.3179924206,0.0275010878611824,kcal/mol,1215.0,63973.187770751385,0.6781155377953123,0.5301245466373223,0.029190008404328466,0.2694154200008603,0.03,12_MeNH2-Water,12,DMCdla5,22
49,-22478.1734722985,0.0302159191745147,kcal/mol,1005.0,63991.36650251256,0.42712199302415177,0.5330680424713016,0.009935083432514338,0.24082611794608086,0.01,12_MeNH2-Water,12,DMCdla5,22
50,-22478.2919866527,0.0343778677751732,kcal/mol,1201.5,63999.714947905915,0.2253773403020444,0.5376029977937683,0.0029962200083211103,0.2859823873993401,0.003,12_MeNH2-Water,12,DMCdla5,22
51,-44720.7607783137,0.0527386952079581,kcal/mol,1050.0,63888.47759615385,1.6876066374042569,1.1357893065818148,0.08904658385796373,0.3770283298818362,0.1,13_Peptide-MeOH,13,DMCdla5,44
52,-44714.283961316,0.0467088070822325,kcal/mol,1215.0,63971.39386545835,0.896172545947214,1.1630700190436714,0.029196978227442456,0.3296290197746022,0.03,13_Peptide-MeOH,13,DMCdla5,44
53,-44714.1609739392,0.0464846647717135,kcal/mol,1005.0,63991.342442211055,0.5697262098498201,1.1510279480791517,0.009935808714595828,0.2928711006807068,0.01,13_Peptide-MeOH,13,DMCdla5,44
54,-44714.4133377791,0.0436335532482904,kcal/mol,1201.5,63990.6139447989,0.287237908731085,1.184610139436819,0.0029962674145908655,0.2957661630850878,0.003,13_Peptide-MeOH,13,DMCdla5,44
55,-41287.3400762946,0.0494191768757895,kcal/mol,1050.0,63923.470673076925,1.6576154637651512,0.985210013255848,0.08986730141121015,0.3858468820115257,0.1,14_Peptide-MeNH2,14,DMCdla5,44
56,-41282.8452146976,0.0443202306616248,kcal/mol,1215.0,63984.02302942787,0.8630966880517125,1.045385357534642,0.029272493330782533,0.3676573132920904,0.03,14_Peptide-MeNH2,14,DMCdla5,44
57,-41282.8700848137,0.0396894811704638,kcal/mol,1005.0,63979.10310552764,0.5350707572375665,1.0005574854691528,0.009942611761075117,0.2957172728581695,0.01,14_Peptide-MeNH2,14,DMCdla5,44
58,-41283.0999927889,0.0433775495015985,kcal/mol,1201.5,63982.71420514344,0.2857769495016086,1.0662911498426677,0.0029966900544035296,0.34713476137008714,0.003,14_Peptide-MeNH2,14,DMCdla5,44
59,-59223.1732490377,0.0662525910996291,kcal/mol,1050.0,63888.282692307694,1.8779235331429924,1.5005712285774475,0.08935398101097845,0.3958246608370778,0.1,15_Peptide-Peptide,15,DMCdla5,60
60,-59216.4942690602,0.0481736740333558,kcal/mol,1215.0,63982.576183837074,1.0062213414968684,1.5138912002528229,0.029226784917174408,0.3329864467834865,0.03,15_Peptide-Peptide,15,DMCdla5,60
61,-59216.545274932,0.0629711022448333,kcal/mol,1005.0,63982.44604020101,0.6410792521333855,1.537755395007845,0.009938556256312745,0.37612001914166066,0.01,15_Peptide-Peptide,15,DMCdla5,60
62,-59217.102184854,0.0542851097852577,kcal/mol,1201.5,64010.930449736385,0.32256454758979014,1.5733830656189716,0.002996439880356415,0.3381186940124961,0.003,15_Peptide-Peptide,15,DMCdla5,60
63,-40414.5714755768,0.0477648897218542,kcal/mol,1050.0,63898.05596153846,1.5993524423573777,0.9900329800778792,0.08856332954094101,0.33870346062211737,0.1,16_Peptide-Water,16,DMCdla5,38
64,-40408.8677987659,0.0431994191345072,kcal/mol,1215.0,63977.50714534681,0.8348914585900007,1.024890404077776,0.029153003567371733,0.31403257772432297,0.03,16_Peptide-Water,16,DMCdla5,38
65,-40408.6781818071,0.045396576768412,kcal/mol,1005.0,63992.78333668342,0.5241654046708147,1.0420168254892852,0.00993188558488326,0.27648821126713635,0.01,16_Peptide-Water,16,DMCdla5,38
66,-40408.9415639885,0.0396651505263302,kcal/mol,1201.5,63997.01570376115,0.26839004781636355,1.0497937317064303,0.0029960245450295995,0.25285096826026787,0.003,16_Peptide-Water,16,DMCdla5,38
67,-96647.1444015876,0.0780625459861226,kcal/mol,1050.0,63879.64490384615,2.178292199893136,2.5517273345356135,0.0877198139312428,0.3644936080191392,0.1,17_Uracil-Uracil_BP,17,DMCdla5,84
68,-96634.5732984663,0.071238189389304,kcal/mol,1125.0,63962.67930366464,1.1394405347771888,2.6013586920056126,0.029084510282243025,0.301402673698551,0.03,17_Uracil-Uracil_BP,17,DMCdla5,84
69,-96634.4193474546,0.0752229703571438,kcal/mol,1005.0,64001.28408040201,0.748280590679988,2.7139230805769836,0.009926097955381796,0.3432649211066471,0.01,17_Uracil-Uracil_BP,17,DMCdla5,84
70,-96635.0002019488,0.0702354554667989,kcal/mol,1201.5,63995.77072307297,0.36732519594848,2.755566863564728,0.00299567326796044,0.32232946759233183,0.003,17_Uracil-Uracil_BP,17,DMCdla5,84
71,-36715.9333907191,0.0417337025876491,kcal/mol,1050.0,63926.11961538462,1.4527601526255929,0.8591833984061662,0.08980510065139094,0.37125326987473545,0.1,18_Water-Pyridine,18,DMCdla5,38
72,-36711.75780553,0.0394898359081368,kcal/mol,1215.0,63980.98804959418,0.8071956369127903,0.8726231713416794,0.029267588560674768,0.3244461728722915,0.03,18_Water-Pyridine,18,DMCdla5,38
73,-36711.8680482949,0.0421199346979966,kcal/mol,1005.0,63987.98677386935,0.5340054106095526,0.8922144601345745,0.009942128610058672,0.31043014824605963,0.01,18_Water-Pyridine,18,DMCdla5,38
74,-36712.1054820546,0.0372337431801587,kcal/mol,1201.5,64006.82549110448,0.2592228481757896,0.8937681569046938,0.002996653870559938,0.3031108455147321,0.003,18_Water-Pyridine,18,DMCdla5,38
75,-41020.7255302555,0.041829324884158,kcal/mol,1050.0,63909.55942307692,1.5828500878987133,0.9532213767507421,0.09012378750517233,0.34866483803746373,0.1,19_MeOH-Pyridine,19,DMCdla5,44
76,-41016.4460510506,0.0426816383544383,kcal/mol,1215.0,63989.91086988996,0.8377933976245446,0.9855581787843579,0.029296342712683266,0.33820222118396753,0.03,19_MeOH-Pyridine,19,DMCdla5,44
77,-41016.6188170294,0.0521188596090568,kcal/mol,1005.0,63977.749688442214,0.5632659006471156,1.0177603612046702,0.009944682976142556,0.33365205516741564,0.01,19_MeOH-Pyridine,19,DMCdla5,44
78,-41016.9814344219,0.049228172984772,kcal/mol,1201.5,64002.23849221736,0.2860686088049658,1.0196201997554297,0.002996812532511784,0.32879391912821965,0.003,19_MeOH-Pyridine,19,DMCdla5,44
79,-57480.6228314267,0.0539083417851622,kcal/mol,1050.0,63847.45798076923,1.8042964592137356,1.5364627307566492,0.0872043840109759,0.3558147237937716,0.1,20_AcOH-AcOH,20,DMCdla5,48
80,-57474.1395201854,0.041721085664434,kcal/mol,1830.0,63934.430620116706,1.0685338098396515,1.5119341867876843,0.05560109365886986,0.2956965572368698,0.06,20_AcOH-AcOH,20,DMCdla5,48
81,-57470.8343321854,0.0484722880746384,kcal/mol,1215.0,63973.582208833344,0.979340056536059,1.5528727726251081,0.029030193963808324,0.27910246566121977,0.03,20_AcOH-AcOH,20,DMCdla5,48
82,-57470.2652521826,0.0564877744424815,kcal/mol,1005.0,63984.650934673366,0.6266614912920611,1.5716494122609055,0.009920927549404091,0.26119789922670905,0.01,20_AcOH-AcOH,20,DMCdla5,48
83,-57470.5772890793,0.0422876087775837,kcal/mol,1351.5,64000.22936672287,0.2928724727351994,1.5681905104481964,0.0029953473183789193,0.256750690857704,0.003,20_AcOH-AcOH,20,DMCdla5,48
84,,,,,,,,,,0.001,20_AcOH-AcOH,20,DMCdla5,48
85,-50604.4698122342,0.055638986002579,kcal/mol,1050.0,63895.26653846154,1.6744551813017066,1.2489679588205735,0.08867695090562701,0.35808639159601013,0.1,21_AcNH2-AcNH2,21,DMCdla5,48
86,-50597.1851884259,0.0483632858258113,kcal/mol,1215.0,63965.776950654785,0.8940444190752114,1.2752716397329882,0.02916568947843643,0.3093302130918399,0.03,21_AcNH2-AcNH2,21,DMCdla5,48
87,-50596.9563856392,0.0513107616701854,kcal/mol,1005.0,63992.29056281407,0.5993959435372463,1.3175899405201452,0.00993313456054069,0.3045913389193239,0.01,21_AcNH2-AcNH2,21,DMCdla5,48
88,-77066.2362197869,0.0627420033261426,kcal/mol,1050.0,63853.10451923077,2.001479175051789,2.0928570175553043,0.08753900854092679,0.3490360642584254,0.1,22_AcOH-Uracil,22,DMCdla5,66
89,-77054.0651550233,0.0577387067395463,kcal/mol,1215.0,63957.579918338895,1.0528726271046966,2.093654633739085,0.029065179889542717,0.30887768633814033,0.03,22_AcOH-Uracil,22,DMCdla5,66
90,-77053.6856549871,0.0670978471079395,kcal/mol,1005.0,63971.74825125628,0.7037404550351981,2.132171824587458,0.009924246965370477,0.29319450027781124,0.01,22_AcOH-Uracil,22,DMCdla5,66
91,-77054.0579501219,0.058129172297059,kcal/mol,1201.5,63983.96636167245,0.3402251691258242,2.1350495513672443,0.0029955555863645203,0.2644137879883602,0.003,22_AcOH-Uracil,22,DMCdla5,66
92,-73629.0547965577,0.0753550039823827,kcal/mol,950.0,63847.58414893617,2.0826212289752553,1.980411474829131,0.08807178948640977,0.3746263383674551,0.1,23_AcNH2-Uracil,23,DMCdla5,66
93,-73618.3061370519,0.055795403467396,kcal/mol,1215.0,63960.6329482647,1.0572205343834244,1.9730926782076528,0.02911433289387167,0.32213761534052787,0.03,23_AcNH2-Uracil,23,DMCdla5,66
94,-73617.9309524221,0.0593615052917464,kcal/mol,1005.0,63965.79877386935,0.7088499915084876,2.0124793083621078,0.0099286836488903,0.3066494291085348,0.01,23_AcNH2-Uracil,23,DMCdla5,66
95,-47287.4059069697,0.0361674236572673,kcal/mol,7349.999999999999,63463.64043872198,1.8053694706390666,1.0283483926265737,0.3362576672258921,1.3111597800938941,0.7,24_Benzene-Benzene_pi-pi,24,DMCdla5,60
96,-47264.0865497638,0.0329820502855773,kcal/mol,3150.0,63776.799541372064,1.6644136868690007,1.0401597733103656,0.2214041441998439,0.6202918363782651,0.3,24_Benzene-Benzene_pi-pi,24,DMCdla5,60
97,-47251.0943631673,0.0509963005613388,kcal/mol,1050.0,63952.29346153846,1.7384539212960795,1.0665304079981393,0.09172687633235792,0.515729768738228,0.1,24_Benzene-Benzene_pi-pi,24,DMCdla5,60
98,-47249.7147212896,0.0330112237500215,kcal/mol,3045.0,63971.95383824605,0.5569237286276768,1.0639875500352252,0.029440981441966853,0.4192845685246913,0.03,24_Benzene-Benzene_pi-pi,24,DMCdla5,60
99,-47250.4915557158,0.0385319207008177,kcal/mol,1965.0,63992.84768797954,0.4242421994130838,1.0810651178789144,0.00995751614041841,0.4126732246827722,0.01,24_Benzene-Benzene_pi-pi,24,DMCdla5,60
100,-47251.000298866,0.059570246800057,kcal/mol,937.5,63986.7275929436,0.3416803588134795,1.098348231945357,0.0029976005417423784,0.41805164406376744,0.003,24_Benzene-Benzene_pi-pi,24,DMCdla5,60
101,-51816.229208066,0.0533846760475108,kcal/mol,1050.0,63983.08990384615,1.772656014816971,1.253157255835756,0.09094283241336862,0.4020967503182785,0.1,25_Pyridine-Pyridine_pi-pi,25,DMCdla,60
102,-51813.4551336284,0.0465702140945827,kcal/mol,1305.0,63984.77093082519,0.9144622858242534,1.235307646917614,0.029373914628682406,0.4074455519860534,0.03,25_Pyridine-Pyridine_pi-pi,25,DMCdla,60
103,-51813.9479322785,0.0498852777342311,kcal/mol,1005.0,63992.82217085427,0.588337061654092,1.2765624724215336,0.009951730684753439,0.35174323902292715,0.01,25_Pyridine-Pyridine_pi-pi,25,DMCdla,60
104,-51834.7341960061,0.0377973417562613,kcal/mol,3150.0,63636.61446588955,1.7602989273426777,1.2069611047737092,0.21614335918350341,0.5994002301487346,0.3,25_Pyridine-Pyridine_pi-pi,25,DMCdla5,60
105,-51816.6089007177,0.0551518809244452,kcal/mol,1050.0,63895.95221153846,1.7269632892997873,1.1854607266956805,0.09094316196146575,0.3875539989061971,0.1,25_Pyridine-Pyridine_pi-pi,25,DMCdla5,60
106,-51813.4301220749,0.0304596250908221,kcal/mol,3015.0,63968.12811732524,0.573423430545612,1.2262984191495707,0.029373912537495182,0.35921923026448216,0.03,25_Pyridine-Pyridine_pi-pi,25,DMCdla5,60
107,-51814.0251767281,0.0593885825256568,kcal/mol,1005.0,64001.36988944723,0.609410779813465,1.2567936366065415,0.009951730610483659,0.38824657997705275,0.01,25_Pyridine-Pyridine_pi-pi,25,DMCdla5,60
108,-51814.6243089438,0.0503600746719068,kcal/mol,1147.5,63992.75683737466,0.3171868005784303,1.2639428358925486,0.0029972493195178813,0.3720627174406432,0.003,25_Pyridine-Pyridine_pi-pi,25,DMCdla5,60
109,-51808.6637011002,0.0556778672963709,kcal/mol,1050.0,63920.891634615386,1.7390322702157224,1.3435818882371342,0.09091474819455914,0.39748607851703116,0.1,25_Pyridine-Pyridine_pi-pi,25,DMC,60
110,-51802.0766616773,0.0954367318741379,kcal/mol,465.0,63979.13187392853,1.5400412460525545,1.3700746583676422,0.029371131260766896,0.37889328410211476,0.03,25_Pyridine-Pyridine_pi-pi,25,DMC,60
111,-51801.9734511051,0.0721219388759262,kcal/mol,1005.0,63995.90396984925,0.627114874034986,1.4683170655086644,0.00995145791913527,0.5132584387276098,0.01,25_Pyridine-Pyridine_pi-pi,25,DMC,60
112,-96638.7741047881,0.063990954428991,kcal/mol,1050.0,64008.69192307692,2.045261651006634,2.4816028212048926,0.087731739814381,0.3228417872664387,0.1,26_Uracil-Uracil_pi-pi,26,DMCdla,84
113,-96626.5908142653,0.0711934484501466,kcal/mol,1095.0,64026.08383564674,1.2055819601594033,2.603816202862043,0.02908554311225244,0.3337405657321871,0.03,26_Uracil-Uracil_pi-pi,26,DMCdla,84
114,-96626.3397635849,0.0966811639027343,kcal/mol,855.0,63982.36398816568,0.8536011735040556,2.724031791067622,0.009926192937477053,0.33299757232851973,0.01,26_Uracil-Uracil_pi-pi,26,DMCdla,84
115,-96693.9688361936,0.0577453573690788,kcal/mol,3150.0,63329.2874068412,2.3342553776225907,2.600655640712642,0.19631945766337391,0.606517169797634,0.3,26_Uracil-Uracil_pi-pi,26,DMCdla5,84
116,-96639.6300571964,0.0684052300252714,kcal/mol,1050.0,63852.900673076925,2.166530380016486,2.5219454465219786,0.08773187960641171,0.3470747032599795,0.1,26_Uracil-Uracil_pi-pi,26,DMCdla5,84
117,-96626.7619764635,0.0380376612417654,kcal/mol,3735.0,63960.06511444357,0.6673093742997747,2.6075485624743937,0.02908556680132041,0.29855147572953816,0.03,26_Uracil-Uracil_pi-pi,26,DMCdla5,84
118,-96626.4147088196,0.0487109555550913,kcal/mol,2635.0,63985.47719619048,0.4760389796717261,2.6668020876539837,0.009926192764414782,0.3347145494012398,0.01,26_Uracil-Uracil_pi-pi,26,DMCdla5,84
119,-96627.2307082553,0.0605597209295699,kcal/mol,1351.5,63989.53330306866,0.3752994339578374,2.7681195327115398,0.002995679046872325,0.3294322999274304,0.003,26_Uracil-Uracil_pi-pi,26,DMCdla5,84
120,-49533.9852124433,0.0548470582288963,kcal/mol,1050.0,63913.27384615385,1.756669974254072,1.1167347940634087,0.09134172790300041,0.4579145551662605,0.1,27_Benzene-Pyridine_pi-pi,27,DMCdla5,60
121,-49531.672826151,0.0240649927102654,kcal/mol,4515.0,63956.21909753206,0.4780569551676173,1.1669493937393638,0.029408001422786618,0.389831313186272,0.03,27_Benzene-Pyridine_pi-pi,27,DMCdla5,60
122,-49532.3627890316,0.0597640832912696,kcal/mol,915.0,63987.12150276243,0.6019657952839406,1.1725549936943904,0.009954670551431856,0.4229209078034643,0.01,27_Benzene-Pyridine_pi-pi,27,DMCdla5,60
123,-71945.2883135744,0.0757365442311373,kcal/mol,1050.0,63889.138557692306,1.9145342710282822,1.7749768584325691,0.08939527140681525,0.40200723010356576,0.1,28_Benzene-Uracil_pi-pi,28,DMCdla5,72
124,-71939.9482175373,0.0584606165087442,kcal/mol,1230.0,63948.71637239955,1.4388728442952479,1.8203622897718459,0.056433842111348505,0.3604363334520847,0.06,28_Benzene-Uracil_pi-pi,28,DMCdla5,72
125,-71937.7783343196,0.0674163170354915,kcal/mol,1065.0,63958.53116646761,1.1456851596826947,1.8581860122959823,0.02923372133982332,0.38321623626877666,0.03,28_Benzene-Uracil_pi-pi,28,DMCdla5,72
126,-71938.0796454617,0.0718766984838336,kcal/mol,1005.0,63994.49898492463,0.7263133120217397,1.959637455905777,0.009939259139308721,0.38635823451944584,0.01,28_Benzene-Uracil_pi-pi,28,DMCdla5,72
127,-71938.6780016525,0.0618397047360058,kcal/mol,1021.5,64005.61155039357,0.37809593843714756,1.9276339758067478,0.0029964803431702758,0.3642814694620702,0.003,28_Benzene-Uracil_pi-pi,28,DMCdla5,72
128,-74227.7581993212,0.0692727291571931,kcal/mol,1050.0,63907.893173076925,2.055578529930063,1.8847785211780708,0.08908012513633866,0.3826621994156036,0.1,29_Pyridine-Uracil_pi-pi,29,DMCdla5,72
129,-74220.2025627826,0.0639505914801228,kcal/mol,1065.0,63968.819228800545,1.1272350301410472,1.8843094594995031,0.029206380505052185,0.3496973332066611,0.03,29_Pyridine-Uracil_pi-pi,29,DMCdla5,72
130,-74220.4722840287,0.0662575366253817,kcal/mol,1005.0,63992.357396984924,0.6831040793270168,1.9681329366263403,0.009936885799487842,0.3428811509917792,0.01,29_Pyridine-Uracil_pi-pi,29,DMCdla5,72
131,-74221.0534594009,0.0605176853513953,kcal/mol,1201.5,63986.749671422025,0.34666597663090665,1.9801776912386964,0.0029963359602330824,0.32074072142317206,0.003,29_Pyridine-Uracil_pi-pi,29,DMCdla5,72
132,-32235.7364395746,0.0424925668589774,kcal/mol,1050.0,63959.78615384615,1.4721726306685812,0.6905540243361307,0.091934307860888,0.4578216220412268,0.1,30_Benzene-Ethene,30,DMCdla5,42
133,-32234.9799440926,0.0390237431686511,kcal/mol,1215.0,63986.537743365036,0.774522171013179,0.7020592564662684,0.02945736313988369,0.4105826988646386,0.03,30_Benzene-Ethene,30,DMCdla5,42
134,-32235.4785001842,0.0424498665562285,kcal/mol,1005.0,63993.91283417086,0.5157216848573567,0.7034702398108643,0.009958883377564986,0.44616483060107215,0.01,30_Benzene-Ethene,30,DMCdla5,42
135,-32235.8226122517,0.0346408941518156,kcal/mol,1201.5,64000.39919580226,0.25605985137173154,0.7162398150351227,0.0029976838867328314,0.4271980519344457,0.003,30_Benzene-Ethene,30,DMCdla5,42
136,-56929.7018697848,0.0536510836832243,kcal/mol,1050.0,63892.01644230769,1.7853726498806577,1.418144240799434,0.08879133729299285,0.35918378476121804,0.1,31_Uracil-Ethene,31,DMCdla5,54
137,-56922.4577062595,0.0563836427318667,kcal/mol,1215.0,63959.0674699995,0.9375940775265657,1.4933980664540218,0.029178658219697944,0.3141130497959346,0.03,31_Uracil-Ethene,31,DMCdla5,54
138,-56922.4228082368,0.0490903113034192,kcal/mol,1005.0,63984.77905527638,0.6047815665246549,1.4861000338086368,0.009934347314181476,0.2980115024535137,0.01,31_Uracil-Ethene,31,DMCdla5,54
139,-56142.0878085146,0.067096304938297,kcal/mol,1050.0,63885.43855769231,1.9445241612452837,1.4264728361827836,0.08859477693845855,0.41589921954800135,0.1,32_Uracil-Ethyne,32,DMCdla5,52
140,-56135.3365370102,0.0499618221805917,kcal/mol,1215.0,63963.17345516108,0.9769864955952674,1.428246791555337,0.029161306479570156,0.32951221035305805,0.03,32_Uracil-Ethyne,32,DMCdla5,52
141,-56135.304048439,0.0580883916408062,kcal/mol,1005.0,63984.148381909545,0.6420472709454735,1.5287686285159172,0.009932816145557884,0.36273744885691644,0.01,32_Uracil-Ethyne,32,DMCdla5,52
142,-34517.8834478035,0.0456808122669479,kcal/mol,1050.0,63946.27317307692,1.5736440668614575,0.7698178840356558,0.09138786329278618,0.43417878818513256,0.1,33_Pyridine-Ethene,33,DMCdla5,42
143,-34516.6487399371,0.0385399776114985,kcal/mol,1215.0,63996.00669720659,0.8114805824550773,0.7647139589105346,0.029410219310850794,0.40398649326142105,0.03,33_Pyridine-Ethene,33,DMCdla5,42
144,-34517.1790851105,0.0479375749139417,kcal/mol,1005.0,63989.80606030151,0.5387657148226782,0.7961679173931787,0.009954806108378983,0.43102762414175894,0.01,33_Pyridine-Ethene,33,DMCdla5,42
145,-44696.6519478728,0.050794018641881,kcal/mol,1050.0,63974.34201923077,1.7317052917205442,0.9314306888731788,0.09233572879223867,0.4381733976607227,0.1,34_Pentane-Pentane,34,DMCdla5,64
146,-44695.5786321849,0.039869267009663,kcal/mol,1215.0,63977.20009460738,0.8590380046762387,0.9361091910747764,0.029491119892474944,0.41994536824309203,0.03,34_Pentane-Pentane,34,DMCdla5,64
147,-44696.2858237105,0.0537934118547584,kcal/mol,1005.0,63975.336532663314,0.5517778413251294,0.9718489594862351,0.009961857973853228,0.4162117299758128,0.01,34_Pentane-Pentane,34,DMCdla5,64
148,-44699.0334097069,0.0491654720707836,kcal/mol,1050.0,63983.60307692308,1.700400295658032,0.9218236073602741,0.09233550777270798,0.4733832224379686,0.1,35_Neopentane-Pentane,35,DMCdla5,64
149,-44697.9040245326,0.0527660855876734,kcal/mol,1215.0,63999.84526714136,0.9311988416906548,0.9854260639926524,0.029491075668529557,0.4668787158697789,0.03,35_Neopentane-Pentane,35,DMCdla5,64
150,-44698.4684413456,0.0576897003211103,kcal/mol,1005.0,63979.62349748744,0.5840352392111517,0.9602164505980615,0.009961853780262778,0.4611310083200366,0.01,35_Neopentane-Pentane,35,DMCdla5,64
151,-44701.609994801,0.0523580568932735,kcal/mol,1050.0,63958.56721153846,1.6945533361336673,0.9121943085801025,0.0923410111545333,0.4812774480517008,0.1,36_Neopentane-Neopentane,36,DMCdla5,64
152,-44700.360237215,0.0459983459694986,kcal/mol,1215.0,64000.11838370762,0.8762004308290426,0.9612095126519296,0.029491388086465696,0.4612978544321427,0.03,36_Neopentane-Neopentane,36,DMCdla5,64
153,-44701.055801913,0.0583455052828473,kcal/mol,1005.0,63998.911628140704,0.5903878139911629,0.9710767406201047,0.009961876799811416,0.4875588881330035,0.01,36_Neopentane-Neopentane,36,DMCdla5,64
154,-43937.6839730645,0.052785642634923,kcal/mol,1050.0,63948.65346153846,1.6844782300903003,0.9501959607395097,0.0922558488614264,0.5307915225009987,0.1,37_Cyclopentane-Neopentane,37,DMCdla5,62
155,-43936.8507333732,0.0539670513735714,kcal/mol,1215.0,63983.07523776328,0.8705003642947465,0.9785721649210475,0.029484826725357675,0.4500179110666034,0.03,37_Cyclopentane-Neopentane,37,DMCdla5,62
156,-43937.5517662815,0.0555888843104704,kcal/mol,1005.0,63978.69808040201,0.5619236224953069,0.9948702831217322,0.009961316619979182,0.5198756680040607,0.01,37_Cyclopentane-Neopentane,37,DMCdla5,62
157,-43174.2373293832,0.0603741349695239,kcal/mol,1050.0,63962.00519230769,1.6953349862265636,0.9462602321213016,0.09216963734018586,0.5466115699642818,0.1,38_Cyclopentane-Cyclopentane,38,DMCdla5,60
158,-43173.4645695073,0.0449670245754476,kcal/mol,1215.0,63976.91699447294,0.9055848996846646,0.9291260191887211,0.029478103555946836,0.4424165935994491,0.03,38_Cyclopentane-Cyclopentane,38,DMCdla5,60
159,-43174.2313690196,0.0481652408416545,kcal/mol,1005.0,63979.158542713565,0.5685791856051676,0.9726568108222794,0.009960734678145889,0.43833216812944115,0.01,38_Cyclopentane-Cyclopentane,38,DMCdla5,60
160,-45213.2886307623,0.0516738471307635,kcal/mol,1050.0,63958.43461538461,1.7412597836464219,0.9576961539631498,0.09194291729857113,0.4889355036928709,0.1,39_Benzene-Cyclopentane,39,DMCdla5,60
161,-45212.304027304,0.0537687048123591,kcal/mol,1215.0,63981.600756859036,0.8999671805109165,1.0246368699589208,0.029459221226249093,0.4735899732741577,0.03,39_Benzene-Cyclopentane,39,DMCdla5,60
162,-45213.0005613547,0.0569734102564573,kcal/mol,1005.0,63982.848783919595,0.5767918495351514,1.004243010300494,0.009959107948968232,0.4353607734289865,0.01,39_Benzene-Cyclopentane,39,DMCdla5,60
163,-45976.9665609747,0.054820366572638,kcal/mol,1050.0,63964.10740384615,1.648887576816602,0.9455702307207279,0.09204216409302404,0.4410208210158447,0.1,40_Benzene-Neopentane,40,DMCdla5,62
164,-45975.6518777079,0.0462110330838359,kcal/mol,1215.0,63989.35251207489,0.9051587495929688,0.9738949718846466,0.0294668623203034,0.4582843465228775,0.03,40_Benzene-Neopentane,40,DMCdla5,62
165,-45976.4820782343,0.0505615619317767,kcal/mol,1005.0,64003.219025125625,0.5715850424995849,1.0030654730070583,0.009959755960841426,0.4291800976922766,0.01,40_Benzene-Neopentane,40,DMCdla5,62
166,-70667.7337042462,0.0755203282879005,kcal/mol,1050.0,63894.27317307692,1.9276062523004676,1.7762925701224928,0.08973360737685471,0.39007815654260874,0.1,41_Uracil-Pentane,41,DMCdla5,74
167,-70662.129875708,0.0535159454910693,kcal/mol,1230.0,63949.08493581862,1.4521379054507768,1.8013285708586366,0.05655568928312252,0.3241757406832892,0.06,41_Uracil-Pentane,41,DMCdla5,74
168,-70659.7494750376,0.0563159295865606,kcal/mol,1215.0,63966.58317980381,1.0336669214396137,1.8016867914376755,0.029261825960460723,0.37451309119656806,0.03,41_Uracil-Pentane,41,DMCdla5,74
169,-70659.7815881363,0.0709539390544656,kcal/mol,1005.0,63991.05016080402,0.6703875046317164,1.8788249226127025,0.009941691791122394,0.39250806075301925,0.01,41_Uracil-Pentane,41,DMCdla5,74
170,-70660.2911707039,0.0559189960031223,kcal/mol,1021.5,63986.21765836413,0.35914845232404363,1.8638391596441524,0.002996632301917363,0.32140775537147676,0.003,41_Uracil-Pentane,41,DMCdla5,74
171,-69905.8213930612,0.052768195996678,kcal/mol,1050.0,63898.84394230769,1.9746234725346679,1.6559750953771213,0.08958827703530561,0.3436269186553795,0.1,42_Uracil-Cyclopentane,42,DMCdla5,72
172,-69898.0991743473,0.0615062428791254,kcal/mol,1215.0,63968.631081013795,1.0387415450501347,1.8515901244234252,0.029249877403697288,0.37824532755701984,0.03,42_Uracil-Cyclopentane,42,DMCdla5,72
173,-69898.1854153112,0.0589122139856274,kcal/mol,1005.0,63975.601065326635,0.676554713300472,1.8194616527404168,0.009940661918954034,0.36945307287413104,0.01,42_Uracil-Cyclopentane,42,DMCdla5,72
174,-69898.87710951,0.0585451991436904,kcal/mol,1201.5,64013.0675032606,0.3487108224584705,1.8302067256698462,0.002996568671762113,0.3548125920267797,0.003,42_Uracil-Cyclopentane,42,DMCdla5,72
175,-70669.0829838475,0.0675513927705271,kcal/mol,1050.0,63906.77375,1.9493834549860134,1.7874559514279562,0.08973372862421428,0.41122839223111796,0.1,43_Uracil-Neopentane,43,DMCdla5,74
176,-70661.7327824783,0.0602231859228473,kcal/mol,1215.0,63971.82816312304,1.0529302226808084,1.7853857563894737,0.02926184019309063,0.35930803224882935,0.03,43_Uracil-Neopentane,43,DMCdla5,74
177,-70662.0559873405,0.0661420000909048,kcal/mol,1005.0,63990.95337688442,0.6890290055020639,1.8411970058007454,0.009941692401222089,0.38695062343837905,0.01,43_Uracil-Neopentane,43,DMCdla5,74
178,-70662.586827004,0.0597281818869021,kcal/mol,1201.5,64012.54685446388,0.3478881999677121,1.8866357806904877,0.0029966323198492733,0.34533866523413154,0.003,43_Uracil-Neopentane,43,DMCdla5,74
179,-30958.5538175118,0.0428549743888884,kcal/mol,1050.0,63971.73759615385,1.4643840999287354,0.6273530927469609,0.0923636664610784,0.4464853381461893,0.1,44_Ethene-Pentane,44,DMCdla5,44
180,-30958.0260049286,0.0431158710315262,kcal/mol,1215.0,63990.985510132945,0.7887157860611815,0.6661073156815799,0.02949271222890115,0.479743069412204,0.03,44_Ethene-Pentane,44,DMCdla5,44
181,-30958.4835838817,0.048912664269529,kcal/mol,865.0,64002.997450292394,0.5796086917974624,0.6488908870083361,0.009961948575330113,0.4475204967867725,0.01,44_Ethene-Pentane,44,DMCdla5,44
182,-30170.9675793174,0.0415140393946919,kcal/mol,1050.0,63961.66673076923,1.4889651424805708,0.6181371790448779,0.09228515066361738,0.4951471674921198,0.1,45_Ethyne-Pentane,45,DMCdla5,42
183,-30170.4290074784,0.0388984864879965,kcal/mol,1215.0,63987.30540755863,0.7860407756756882,0.6324808696105207,0.029485809384681812,0.4801130314837156,0.03,45_Ethyne-Pentane,45,DMCdla5,42
184,-30170.8983919077,0.0395281223985626,kcal/mol,1005.0,63978.76365829146,0.5089377529394747,0.631280743135873,0.009961331792325194,0.4007532067407788,0.01,45_Ethyne-Pentane,45,DMCdla5,42
185,-51958.7503691547,0.0488479737383457,kcal/mol,1050.0,63939.05509615385,1.6934261913160358,1.206055683075682,0.09090043865933296,0.3751915046745944,0.1,46_Peptide-Pentane,46,DMCdla5,62
186,-51954.1084248905,0.0461758879053433,kcal/mol,1215.0,63978.4014340487,0.9559660562017475,1.2593162173442616,0.029363703217786093,0.37802937974125794,0.03,46_Peptide-Pentane,46,DMCdla5,62
187,-51954.3862270532,0.0592101401784467,kcal/mol,1005.0,63999.02476381909,0.6201944179122337,1.289162297141531,0.009950624318032014,0.393150577528493,0.01,46_Peptide-Pentane,46,DMCdla5,62
188,-51954.6153886572,0.0516988878090043,kcal/mol,1201.5,64003.3531193506,0.31540933013247585,1.2748813475780159,0.002997181843150698,0.3944219074180002,0.003,46_Peptide-Pentane,46,DMCdla5,62
189,-47287.8346882723,0.076009102473506,kcal/mol,1750.0,63518.98591549296,4.978645197551021,1.0066965327847401,0.33662837574976784,1.4038724997572165,0.7,47_Benzene-Benzene_TS,47,DMCdla5,60
190,-47264.4860093256,0.0356278542546223,kcal/mol,3150.0,63774.940187273074,1.632159674847555,1.0203484630916022,0.22150107876646022,0.6324096506506115,0.3,47_Benzene-Benzene_TS,47,DMCdla5,60
191,-47251.5090453539,0.0491628895959373,kcal/mol,1050.0,63953.41317307692,1.6871771384351786,1.0313876587269926,0.09173698590132415,0.41136961148175744,0.1,47_Benzene-Benzene_TS,47,DMCdla5,60
192,-47250.0679309004,0.0258624862957775,kcal/mol,3915.0,63983.53098351336,0.5011861105172677,1.0559198736448197,0.02944164166945927,0.4212979535896387,0.03,47_Benzene-Benzene_TS,47,DMCdla5,60
193,-47250.8157224555,0.0411470335239807,kcal/mol,1965.0,63984.15795907928,0.4061122598127915,1.0809166236646048,0.009957565270106496,0.45073851082951694,0.01,47_Benzene-Benzene_TS,47,DMCdla5,60
194,-47251.2463997011,0.0608642903433069,kcal/mol,901.5,63998.93144572394,0.33598329726523585,1.086509666161573,0.0029976032557475028,0.48629739811129336,0.003,47_Benzene-Benzene_TS,47,DMCdla5,60
195,-51816.4801068234,0.0488284458858766,kcal/mol,1050.0,63889.04846153846,1.76671195281371,1.2050319406892918,0.09095205394731146,0.37517137695166747,0.1,48_Pyridine-Pyridine_TS,48,DMCdla5,60
196,-51813.4847149776,0.0528945251386942,kcal/mol,1065.0,63961.313939600754,0.9892600441306039,1.2569443459056897,0.029374507997888606,0.39366097948409673,0.03,48_Pyridine-Pyridine_TS,48,DMCdla5,60
197,-51813.950680253,0.0596392720501994,kcal/mol,1005.0,63991.775969849245,0.5810348498839472,1.2455090549732988,0.00995177272442432,0.3877738401687965,0.01,48_Pyridine-Pyridine_TS,48,DMCdla5,60
198,-49534.1741660886,0.0585666437671389,kcal/mol,1050.0,63923.71875,1.7410471892592985,1.1051732432209438,0.09134950665825303,0.43993878131012976,0.1,49_Benzene-Pyridine_TS,49,DMCdla5,60
199,-49531.7810476032,0.0558207926725948,kcal/mol,1065.0,63952.95123130296,1.0276869138200553,1.1673953566409874,0.02940849011363375,0.4322625396265807,0.03,49_Benzene-Pyridine_TS,49,DMCdla5,60
200,-49532.4143761294,0.0541141985307842,kcal/mol,1005.0,63995.372,0.6110866449869078,1.1898191663533924,0.009954708237956142,0.39151408235433593,0.01,49_Benzene-Pyridine_TS,49,DMCdla5,60
201,-49533.0156550107,0.047843866348909,kcal/mol,1201.5,63990.56858089565,0.2963335788799222,1.1916129030022167,0.002997430114302292,0.3791212730542756,0.003,49_Benzene-Pyridine_TS,49,DMCdla5,60
202,-31450.153378699,0.0476134252722614,kcal/mol,1050.0,63952.54394230769,1.4993347673298076,0.6799595214180478,0.09183597506603358,0.5138291417636337,0.1,50_Benzene-Ethyne_CH-pi,50,DMCdla5,40
203,-31449.3046370847,0.0364495850234732,kcal/mol,1215.0,63983.01429069362,0.7776280767016774,0.6721767974183801,0.029448729470780765,0.4249442356493329,0.03,50_Benzene-Ethyne_CH-pi,50,DMCdla5,40
204,-31449.924135122,0.0419971636122385,kcal/mol,1005.0,63983.87713567839,0.5194976569660092,0.7058454551807389,0.009958111439257015,0.4570042306049142,0.01,50_Benzene-Ethyne_CH-pi,50,DMCdla5,40
205,-15647.8010508054,0.0288095448227316,kcal/mol,1050.0,63976.49538461539,1.1279482626731825,0.28451665131674475,0.09215901107072647,0.43516833833344304,0.1,51_Ethyne-Ethyne_TS,51,DMCdla5,20
206,-15647.31767663,0.0242475336277307,kcal/mol,1215.0,63978.73724045212,0.5807954760129547,0.2939077910191388,0.02947145642476334,0.38373943964260143,0.03,51_Ethyne-Ethyne_TS,51,DMCdla5,20
207,-15647.50922353,0.025572604958587,kcal/mol,1005.0,63996.99231155779,0.38033083114219524,0.2923222144241392,0.009959852768071705,0.34693004694531915,0.01,51_Ethyne-Ethyne_TS,51,DMCdla5,20
208,-52360.1875195512,0.0620733687475646,kcal/mol,1050.0,63923.06990384615,1.7326842744140851,1.3295977369524552,0.08973148244297792,0.39266910479703543,0.1,52_Benzene-AcOH_OH-pi,52,DMCdla5,54
209,-52354.7971420704,0.0489404286529027,kcal/mol,1215.0,63979.85662002689,0.9383121459896293,1.3323726055797733,0.029259438706275922,0.35494958123498044,0.03,52_Benzene-AcOH_OH-pi,52,DMCdla5,54
210,-52354.8284057159,0.0682332568619629,kcal/mol,1005.0,63989.28393969849,0.6209946635339478,1.4009750758276263,0.009941337644988257,0.3796356132032737,0.01,52_Benzene-AcOH_OH-pi,52,DMCdla5,54
211,-48923.0179067872,0.0500119286504964,kcal/mol,1050.0,63932.17865384615,1.688092133876744,1.132385730369554,0.09037530035407923,0.37745452477595787,0.1,53_Benzene-AcNH2_NH-pi,53,DMCdla5,54
212,-48918.7441332116,0.0462312058929233,kcal/mol,1215.0,63990.51787581536,0.8998340504955692,1.1672544611945688,0.029318957956246085,0.3381014191654741,0.03,53_Benzene-AcNH2_NH-pi,53,DMCdla5,54
213,-48918.9721395515,0.0422176690315384,kcal/mol,1005.0,63988.13683417085,0.5518693317893235,1.181266740968353,0.009946711419744103,0.33064993721652164,0.01,53_Benzene-AcNH2_NH-pi,53,DMCdla5,54
214,-34429.812560682,0.0433528011759337,kcal/mol,1050.0,63946.682211538464,1.480280905736073,0.7686029779191011,0.09043230454120346,0.3898251810170612,0.1,54_Benzene-Water_OH-pi,54,DMCdla5,38
215,-34426.4964145955,0.0397275425761145,kcal/mol,1215.0,63983.164318079966,0.8078068460886603,0.7990472023492743,0.029321448296642197,0.3448286642807022,0.03,54_Benzene-Water_OH-pi,54,DMCdla5,38
216,-34426.5809284419,0.0452415014079579,kcal/mol,1005.0,64002.39347738693,0.506134021071744,0.7978484990361963,0.0099467781024926,0.3273102366592983,0.01,54_Benzene-Water_OH-pi,54,DMCdla5,38
217,-38734.6843557086,0.0481898350804967,kcal/mol,1050.0,63927.54211538462,1.594570487738008,0.9289238142073459,0.09066282279323963,0.42740505225911235,0.1,55_Benzene-MeOH_OH-pi,55,DMCdla5,44
218,-38731.4833933833,0.0392908778579149,kcal/mol,1215.0,63973.18523129015,0.8304128976909321,0.9135971197128,0.029342644306173633,0.3381977125029529,0.03,55_Benzene-MeOH_OH-pi,55,DMCdla5,44
219,-38731.6815499597,0.0473091842376767,kcal/mol,1005.0,63981.273085427136,0.5506647268071297,0.939035230230194,0.009948695320601901,0.3442376615588723,0.01,55_Benzene-MeOH_OH-pi,55,DMCdla5,44
220,-35299.1757620126,0.0477011920816885,kcal/mol,1050.0,63967.044038461536,1.4772448356642147,0.7864060678317597,0.091484327533785,0.4233488364923925,0.1,56_Benzene-MeNH2_NH-pi,56,DMCdla5,44
221,-35297.8109311296,0.0419357943291092,kcal/mol,1215.0,63984.46056366081,0.8047012893199554,0.7969268082007821,0.029417987121698668,0.41020663345092007,0.03,56_Benzene-MeNH2_NH-pi,56,DMCdla5,44
222,-35298.4124095939,0.0457548152535474,kcal/mol,1135.0,63996.34001777778,0.5001884981849788,0.8161879981220315,0.009955471323137552,0.40152482830267505,0.01,56_Benzene-MeNH2_NH-pi,56,DMCdla5,44
223,-53237.2060691492,0.0561483571264933,kcal/mol,1050.0,63932.55432692308,1.794353307673341,1.2412396568295925,0.09054159229335676,0.4014773402199661,0.1,57_Benzene-Peptide_NH-pi,57,DMCdla5,60
224,-53232.8782353171,0.0529659246533548,kcal/mol,1215.0,63979.27373898322,0.9344466012657123,1.290878205750408,0.029333998472032368,0.38483961785409015,0.03,57_Benzene-Peptide_NH-pi,57,DMCdla5,60
225,-53233.242263507,0.0523346380721515,kcal/mol,1005.0,63996.03649246231,0.6098971009698874,1.3119982598287836,0.00994804670725897,0.3677617354773986,0.01,57_Benzene-Peptide_NH-pi,57,DMCdla5,60
226,-51816.7804436079,0.0465249499701156,kcal/mol,1050.0,63947.76086538462,1.705650900034858,1.1382509506494818,0.09094611309325817,0.3989562959245081,0.1,58_Pyridine-Pyridine_CH-N,58,DMCdla5,60
227,-51814.1828021921,0.0489371618334543,kcal/mol,1215.0,63978.01780112533,0.8941864698711997,1.1924660045165614,0.029373824552045413,0.3582316013001528,0.03,58_Pyridine-Pyridine_CH-N,58,DMCdla5,60
228,-51814.9018700772,0.0529805607453866,kcal/mol,1005.0,63983.63128643216,0.5990044400144284,1.2235283991852466,0.009951705791736997,0.39080396384946786,0.01,58_Pyridine-Pyridine_CH-N,58,DMCdla5,60
229,-18628.3136487226,0.0353543889766497,kcal/mol,1050.0,63917.998557692306,1.2196837316566687,0.4106136838781215,0.08926735572603312,0.34606299357545506,0.1,59_Ethyne-Water_CH-O,59,DMCdla5,18
230,-18625.4851181937,0.0260409667520108,kcal/mol,1215.0,63978.69753024946,0.6487878558857002,0.42331385450316983,0.02921020532161649,0.26934301493034274,0.03,59_Ethyne-Water_CH-O,59,DMCdla5,18
231,-18625.3937903438,0.0256492685599183,kcal/mol,1005.0,63981.97753768844,0.4129563717980821,0.4315096358956682,0.009936628613417646,0.23147114886338993,0.01,59_Ethyne-Water_CH-O,59,DMCdla5,18
232,-36559.3844356585,0.04877588736332,kcal/mol,1050.0,63897.88298076923,1.5461781939471946,0.9264233683969643,0.0886883728935389,0.3737615379889277,0.1,60_Ethyne-AcOH_OH-pi,60,DMCdla5,34
233,-36554.2624067147,0.0449409822025099,kcal/mol,1215.0,63983.913832594735,0.844874702921522,0.9638765016501639,0.029163041794806308,0.3390071996953869,0.03,60_Ethyne-AcOH_OH-pi,60,DMCdla5,34
234,-36554.1906803613,0.0448554476623035,kcal/mol,1005.0,63995.339899497485,0.5498224251209072,0.9501396562951884,0.009932682817181767,0.30685827717621106,0.01,60_Ethyne-AcOH_OH-pi,60,DMCdla5,34
235,-51081.6642483822,0.0544500103110827,kcal/mol,1050.0,63895.14326923077,1.8066512499687906,1.2697703018676234,0.09015644393812457,0.44272034894761136,0.1,61_Pentane-AcOH,61,DMCdla5,56
236,-51075.3176431893,0.0505520192089343,kcal/mol,1215.0,63993.008290594036,0.929005704398447,1.2897363600496488,0.029295122778813243,0.34362532945965873,0.03,61_Pentane-AcOH,61,DMCdla5,56
237,-51075.2233385923,0.0526266288375246,kcal/mol,1005.0,63974.252753768844,0.6011708263953606,1.3021258031508551,0.009944443260177661,0.329128481575101,0.01,61_Pentane-AcOH,61,DMCdla5,56
238,-51075.7638309546,0.0536886554425378,kcal/mol,1201.5,64004.25330718138,0.30742099670350764,1.3221714590328335,0.002996798535621119,0.36925193364793013,0.003,61_Pentane-AcOH,61,DMCdla5,56
239,-47644.6993207996,0.058368221934743,kcal/mol,1050.0,63926.69682692308,1.724965516007945,1.1472264607179727,0.09077667589115354,0.43515611869847587,0.1,62_Pentane-AcNH2,62,DMCdla5,56
240,-47640.0820282738,0.0460771246031988,kcal/mol,1215.0,63972.87758303042,0.8989445746707436,1.1216472330746876,0.029352366723123156,0.352639779655708,0.03,62_Pentane-AcNH2,62,DMCdla5,56
241,-47640.2439406811,0.0499982732935304,kcal/mol,1005.0,63977.0864321608,0.5824527267747763,1.1637593115412175,0.009949609845357605,0.3702851442666764,0.01,62_Pentane-AcNH2,62,DMCdla5,56
242,-47640.5985117618,0.0510130008876653,kcal/mol,1201.5,63987.81274076834,0.29574577954758785,1.1708679528057537,0.002997118713855177,0.3570519316800252,0.003,62_Pentane-AcNH2,62,DMCdla5,56
243,-52359.1819067706,0.0516159679783624,kcal/mol,1050.0,63881.32201923077,1.7033742400525729,1.2912386311855786,0.08973164042805516,0.35765883281474864,0.1,63_Benzene-AcOH,63,DMCdla5,54
244,-52353.6933105083,0.0515184918291717,kcal/mol,1215.0,63972.77767265847,0.959096980931108,1.3620458716951,0.02925950745508093,0.35472718656485114,0.03,63_Benzene-AcOH,63,DMCdla5,54
245,-52353.9136294684,0.0488586636010786,kcal/mol,1005.0,63984.5123919598,0.5871511960363417,1.33485077180034,0.009941353431788024,0.34116656468530787,0.01,63_Benzene-AcOH,63,DMCdla5,54
246,-52354.3017922099,0.0548770851279921,kcal/mol,1201.5,63992.36480212304,0.3058583158943699,1.355515601335751,0.0029966053840391,0.3302168689829759,0.003,63_Benzene-AcOH,63,DMCdla5,54
247,-38220.8155603869,0.0464581939500732,kcal/mol,1050.0,63921.575288461536,1.5483643376983254,0.9006337081477971,0.0902552877029391,0.4297798347992385,0.1,64_Peptide-Ethene,64,DMCdla5,42
248,-38216.948869679,0.0541565702149357,kcal/mol,765.0,63964.925613923544,1.0609692189753228,0.9500567081588943,0.02930586238719097,0.35191601346496615,0.03,64_Peptide-Ethene,64,DMCdla5,42
249,-38217.1490050686,0.05215850380651,kcal/mol,1005.0,63990.42288442211,0.5341398476539763,0.9878767872191738,0.009945479132102943,0.3897769271914168,0.01,64_Peptide-Ethene,64,DMCdla5,42
250,-38217.4104602924,0.0434888691617619,kcal/mol,1201.5,64010.17033935433,0.28084926005202066,0.9466270881733766,0.0029968621174032584,0.32499612659136656,0.003,64_Peptide-Ethene,64,DMCdla5,42
251,-33733.440630842,0.0428323765395442,kcal/mol,1050.0,63945.30163461538,1.4525408564447073,0.747113220161339,0.09125037439805106,0.39757588815156497,0.1,65_Pyridine-Ethyne,65,DMCdla5,40
252,-33732.019153633,0.0403179915184332,kcal/mol,1215.0,63972.04396753473,0.8230373769199663,0.7572349616620974,0.029398438099215222,0.4182027500110789,0.03,65_Pyridine-Ethyne,65,DMCdla5,40
253,-33732.4464221879,0.0409102167209529,kcal/mol,1005.0,63998.60493467336,0.5166913855664477,0.7578097645617528,0.009953759577824994,0.3764596927297583,0.01,65_Pyridine-Ethyne,65,DMCdla5,40
254,-37581.8350617217,0.0460069864773719,kcal/mol,1050.0,63937.70615384616,1.5504066592859977,0.8209432165855017,0.0909501186341987,0.44273486297991255,0.1,66_MeNH2-Pyridine,66,DMCdla5,44
255,-37580.0590167694,0.0389887433077971,kcal/mol,1215.0,63969.28083453667,0.810207519246329,0.8617020013322974,0.029372223782060985,0.3879013277331515,0.03,66_MeNH2-Pyridine,66,DMCdla5,44
256,-37580.4864471365,0.0441586546432738,kcal/mol,1005.0,64003.44322613065,0.5497273782701503,0.8553288906410623,0.009951526073664695,0.3389928382296705,0.01,66_MeNH2-Pyridine,66,DMCdla5,44
