,ene,err,units,TotTimeSim[au],Pop,Pop-err,Var[au],tau_eff[au],corr-time[au],machine,N_MPI,cost,target_weight,tau,name,i,dmc_type,Jas,Nelv
0,-21596.4265871057,0.0271475050549137,kcal/mol,1050.0,63763.01153846154,1.2642505631145482,0.5840354991761535,0.08541939791483372,0.19996281745391897,linuxpc-intel-slurm-parallel.peta4,64,0.9157179700000001,64000.0,0.1,01_Water-Water,1,DMCtm5,Jopt,16
1,-21593.9218761287,0.0238279615026476,kcal/mol,1230.0,63869.46982737422,0.8680894167667188,0.5661351997460365,0.0549099741917497,0.160075932903736,linuxpc-intel-slurm-parallel.peta4,64,0.9293857299999998,64000.0,0.06,01_Water-Water,1,DMCtm5,Jopt,16
2,-21593.2066102973,0.0197607042716106,kcal/mol,1215.0,63953.91647164268,0.6550746972835493,0.5521204377999678,0.028862212259688515,0.13156360339747852,linuxpc-intel-slurm-parallel.peta4,64,0.9022617299999998,64000.0,0.03,01_Water-Water,1,DMCtm5,Jopt,16
3,-21593.9027139483,0.0220364743382265,kcal/mol,1005.0,63984.356412060304,0.4145538557690737,0.5402010607761037,0.009906309024553143,0.12593861636699377,linuxpc-intel-slurm-parallel.peta4,64,0.883902361,64000.0,0.01,01_Water-Water,1,DMCtm5,Jopt,16
4,-21594.2853839045,0.0240740151516619,kcal/mol,777.0,63982.548927115844,0.3637252129527995,0.5357797666107297,0.005971571243689353,0.13590013967555098,,,,,0.006,01_Water-Water,1,DMCtm5,Jopt,16
5,-21594.5982704009,0.0383725070349083,kcal/mol,388.5,64011.05410332419,0.3681870460673716,0.5349676995995425,0.0029944569348463916,0.12434303626392634,,,,,0.003,01_Water-Water,1,DMCtm5,Jopt,16
6,-21596.2394713064,0.021219867722321,kcal/mol,1230.0,63784.972950376236,0.8539872653484852,0.5719105155506177,0.05491332948268483,0.15361905237480972,linuxpc-intel-slurm-parallel.peta4,64,0.9052451549999998,64000.0,0.06,01_Water-Water,1,DMCtm5,Jopt,16
7,-21594.7426612819,0.021171561456522,kcal/mol,1215.0,63898.23420305731,0.6159660200215248,0.5727477237087976,0.028863442750023068,0.13487915165982328,linuxpc-intel-slurm-parallel.peta4,64,0.8926558899999998,64000.0,0.03,01_Water-Water,1,DMCtm5,Jopt,16
8,-21594.5752693962,0.0226847218987678,kcal/mol,1010.0,63929.3937,0.5671370399600449,0.5527554979624135,0.019541264545793746,0.12647912006403628,linuxpc-intel-slurm-parallel.peta4,64,0.9163675640000003,64000.0,0.02,01_Water-Water,1,DMCtm5,Jopt,16
9,-21594.6582797602,0.0204997010358438,kcal/mol,1005.0,63963.003226130655,0.419906435175953,0.5487010891912492,0.009906463218838937,0.1178615099705242,linuxpc-intel-slurm-parallel.peta4,64,0.8910228740000001,64000.0,0.01,01_Water-Water,1,DMCtm5,Jopt,16
10,-21609.3203117517,0.0304674666484188,kcal/mol,1050.0,63898.45942307692,1.2466544207980772,0.5237793203127573,0.08562330574130549,0.24913414184719823,linuxpc-intel-slurm-parallel.peta4,128,0.28515155,64000.0,0.1,01_Water-Water,1,DMCdla5,Jopt,16
11,-21605.5523743362,0.023638827272636,kcal/mol,1275.0,63967.02403162055,0.8201328770086571,0.5259779214717667,0.046606015101546244,0.21487093732289805,linuxpc-intel-slurm-parallel.peta4-cclake,224,0.17273369200000002,64000.0,0.05,01_Water-Water,1,DMCdla5,Jopt,16
12,-21604.400930886,0.0231465077786707,kcal/mol,1215.0,63980.995991634714,0.6501401610309862,0.5238612577389523,0.028882892599732948,0.18086298748369378,linuxpc-intel-slurm-parallel.peta4,128,0.275160755,64000.0,0.03,01_Water-Water,1,DMCdla5,Jopt,16
13,-21603.9201237714,0.0261183708410063,kcal/mol,1005.0,63980.92201005025,0.43308853950056975,0.5375139474599866,0.009907592704586098,0.196763256619075,linuxpc-intel-slurm-parallel.peta4,128,0.27328964000000006,64000.0,0.01,01_Water-Water,1,DMCdla5,Jopt,16
14,-21603.9745711407,0.0252596564983912,kcal/mol,1201.5,63994.58279157833,0.2198454567181318,0.5408061717374198,0.0029945123338876835,0.17831660093009108,linuxpc-intel-slurm-parallel.peta4,960,0.07914998975000002,64000.0,0.003,01_Water-Water,1,DMCdla5,Jopt,16
15,-21604.0342674093,0.0246862587657743,kcal/mol,1000.5,63991.396458354364,0.14156891628379983,0.5312942210873576,0.0009995971965992537,0.16801089394027072,linuxpc-intel-slurm-parallel.peta4-cclake,112,0.33337725292207804,64000.0,0.001,01_Water-Water,1,DMCdla5,Jopt,16
16,-25914.0704610886,0.034616575203035,kcal/mol,1050.0,63881.76298076923,1.4059129125747,0.6606801800818509,0.08738207362759189,0.30413716536767205,linuxpc-intel-slurm-parallel.peta4-knl,192,2.83107826,64000.0,0.1,02_Water-MeOH,2,DMCdla5,Jopt,22
17,-25910.2190507032,0.0287638163554479,kcal/mol,1275.0,63961.78754940711,0.8666436576398541,0.6501160675727637,0.04706351743464791,0.23798936764239673,linuxpc-intel-slurm-parallel.peta4-cclake,224,0.29786584400000005,64000.0,0.05,02_Water-MeOH,2,DMCdla5,Jopt,22
18,-25909.1954235607,0.0296246854590474,kcal/mol,1215.0,63974.26716626002,0.707864257361265,0.653365365968408,0.0290417404905816,0.23361048762693584,linuxpc-intel-slurm-parallel.peta4,96,0.6342252599999999,64000.0,0.03,02_Water-MeOH,2,DMCdla5,Jopt,22
19,-25908.8623250494,0.0310960256044209,kcal/mol,1005.0,63986.832582914576,0.45717764610270195,0.6665203310087208,0.009921775631755324,0.22364643778037546,linuxpc-intel-slurm-parallel.peta4,128,0.48267355700000014,64000.0,0.01,02_Water-MeOH,2,DMCdla5,Jopt,22
20,-25909.0171767581,0.0266132489100855,kcal/mol,1201.5,63981.64004723466,0.2316505269551347,0.6725930929567734,0.0029953932803146416,0.22445308292209074,linuxpc-intel-slurm-parallel.peta4-icelake,152,0.27854645974999975,64000.0,0.003,02_Water-MeOH,2,DMCdla5,Jopt,22
21,-22481.4963861055,0.0315802799555201,kcal/mol,1050.0,63920.24528846154,1.2754288245949192,0.5143230891700964,0.08899848861750823,0.3223116847378999,linuxpc-intel-slurm-parallel.peta4-knl,192,2.92370069,64000.0,0.1,03_Water-MeNH2,3,DMCdla5,Jopt,22
22,-22478.7270148187,0.0309618123838246,kcal/mol,1275.0,63969.548063241105,0.8397769146479152,0.5268005620240912,0.04748794415753425,0.27941434784698277,linuxpc-intel-slurm-parallel.peta4-cclake,224,0.302061316,64000.0,0.05,03_Water-MeNH2,3,DMCdla5,Jopt,22
23,-22478.0099117232,0.028734616661334,kcal/mol,1215.0,63980.52920380421,0.6814149300549903,0.536714498632591,0.02918975901899821,0.27963100419315556,linuxpc-intel-slurm-parallel.peta4-knl,192,2.9179432224999995,64000.0,0.03,03_Water-MeNH2,3,DMCdla5,Jopt,22
24,-22477.7858848771,0.0317882268325493,kcal/mol,1005.0,63979.799477386936,0.437795101704613,0.5459174978371238,0.009935069692153263,0.26456243239259897,linuxpc-intel-slurm-parallel.peta4-knl,640,1.0095328566666666,64000.0,0.01,03_Water-MeNH2,3,DMCdla5,Jopt,22
25,-22477.9773075846,0.0294435910471048,kcal/mol,1201.5,64001.20395753917,0.22134217059342567,0.5454182606769078,0.0029962185831175314,0.2872865520243189,linuxpc-intel-slurm-parallel.peta4-cclake,112,0.5877828999999999,64000.0,0.003,03_Water-MeNH2,3,DMCdla5,Jopt,22
26,-40418.2575167209,0.0453676074377304,kcal/mol,1050.0,63894.54134615385,1.6511126236233036,1.0164135287037428,0.0885650742155914,0.34247099876460585,linuxpc-intel-slurm-parallel.peta4-knl,192,5.62722754,64000.0,0.1,04_Water-Peptide,4,DMCdla5,Jopt,38
27,-40413.0968164439,0.0396738995447971,kcal/mol,1275.0,63959.19719367589,1.0673218971093876,1.027188758311134,0.04737959285256319,0.3170622237082855,linuxpc-intel-slurm-parallel.peta4-cclake,224,0.6672777839999998,64000.0,0.05,04_Water-Peptide,4,DMCdla5,Jopt,38
28,-40411.9342093682,0.0466345469055929,kcal/mol,885.0,63965.68576424604,0.9973905046125391,1.0409893784490425,0.029153129237541462,0.3043847415106535,linuxpc-intel-slurm-parallel.peta4-knl,256,4.270455096551725,64000.0,0.03,04_Water-Peptide,4,DMCdla5,Jopt,38
29,-40411.6943865463,0.0474517622858354,kcal/mol,1005.0,63995.11324623116,0.5306221598113237,1.0462885063591831,0.009931896268905668,0.2634975496682838,linuxpc-intel-slurm-parallel.peta4-cclake,112,1.3271103754385964,64000.0,0.01,04_Water-Peptide,4,DMCdla5,Jopt,38
30,-40412.0694571423,0.0387318907883256,kcal/mol,1201.5,63989.29553385738,0.277122037000364,1.0411516937402168,0.0029960247633427388,0.2642612309621039,linuxpc-intel-slurm-parallel.peta4-cclake,112,1.336964192156863,64000.0,0.003,04_Water-Peptide,4,DMCdla5,Jopt,38
31,-30218.9562603099,0.0429490101295952,kcal/mol,1050.0,63879.38711538461,1.449594959940271,0.7535644003204577,0.0883848435318576,0.31135679016172624,linuxpc-intel-slurm-parallel.peta4,96,0.84761232,64000.0,0.1,05_MeOH-MeOH,5,DMCdla5,Jopt,28
32,-30214.7151725648,0.0342637352558526,kcal/mol,1275.0,63945.01059288537,0.9462275758855894,0.7690398637059994,0.047326105745255545,0.2814270562819315,linuxpc-intel-slurm-parallel.peta4-cclake,224,0.39296195999999994,64000.0,0.05,05_MeOH-MeOH,5,DMCdla5,Jopt,28
33,-30213.631050099,0.035868583045351,kcal/mol,1215.0,63980.97087088582,0.7766144207147351,0.7823015861268011,0.029133174674672732,0.28234771816500226,linuxpc-intel-slurm-parallel.peta4,96,0.8510825325,64000.0,0.03,05_MeOH-MeOH,5,DMCdla5,Jopt,28
34,-30213.3401382507,0.0401096564928657,kcal/mol,810.0,63980.505175,0.794432613511002,0.7951762471786886,0.019653115449802035,0.26754011592945304,linuxpc-intel-slurm-parallel.peta4-cclake,112,0.7733805100000001,64000.0,0.02,05_MeOH-MeOH,5,DMCdla5,Jopt,28
35,-30213.4383163729,0.034405593730381,kcal/mol,1005.0,63986.96126633166,0.4815950099462242,0.798651403918781,0.009929956548459441,0.25737740924249475,linuxpc-intel-slurm-parallel.peta4,128,0.6451858399999999,64000.0,0.01,05_MeOH-MeOH,5,DMCdla5,Jopt,28
36,-30213.3174170097,0.0339138094979289,kcal/mol,1203.0,63983.433273148825,0.3497198646840804,0.7911807036198177,0.005978858361922098,0.26497955633044923,linuxpc-intel-slurm-parallel.peta4-cclake,112,0.7730277921568627,64000.0,0.006,05_MeOH-MeOH,5,DMCdla5,Jopt,28
37,-30213.5060558392,0.0259094540515649,kcal/mol,2101.5,63992.49641261909,0.18600326358552888,0.8008976618551913,0.002995901173505324,0.26136587131300165,linuxpc-intel-slurm-parallel.peta4-icelake,76,0.7628983250000001,64000.0,0.003,05_MeOH-MeOH,5,DMCdla5,Jopt,28
38,-26786.1176507218,0.0386016851021255,kcal/mol,1050.0,63916.416923076926,1.4302731941919573,0.6357673355304753,0.08965953530697458,0.39022315136098457,linuxpc-intel-slurm-parallel.peta4,64,1.3059614,64000.0,0.1,06_MeOH-MeNH2,6,DMCdla5,Jopt,28
39,-26783.2893026611,0.0331454848868367,kcal/mol,1275.0,63963.79608695652,0.9067383979828908,0.6336848088173573,0.04766147421895953,0.29787639126724247,linuxpc-intel-slurm-parallel.peta4-cclake,224,0.417331912,64000.0,0.05,06_MeOH-MeNH2,6,DMCdla5,Jopt,28
40,-26782.6536813865,0.035906526184222,kcal/mol,1215.0,63971.25021162177,0.7613318896474733,0.6677962371045666,0.029250362207557085,0.34440166114816534,linuxpc-intel-slurm-parallel.peta4,96,0.8806488775000002,64000.0,0.03,06_MeOH-MeNH2,6,DMCdla5,Jopt,28
41,-26782.6448492137,0.0335921882477383,kcal/mol,1005.0,63986.865095477384,0.4767400626236471,0.6362726419944866,0.009940497542445486,0.27065053767188213,linuxpc-intel-slurm-parallel.peta4,128,0.668981699,64000.0,0.01,06_MeOH-MeNH2,6,DMCdla5,Jopt,28
42,-26782.8477922932,0.0304947725598732,kcal/mol,1201.5,63996.885209207234,0.2362220572172403,0.6667902427843732,0.002996555121243041,0.30293051941200705,linuxpc-intel-slurm-parallel.peta4-icelake,76,0.7792669428571429,64000.0,0.003,06_MeOH-MeNH2,6,DMCdla5,Jopt,28
43,-44722.8150425925,0.048688260608871,kcal/mol,1050.0,63887.485,1.602326159956717,1.119229221758201,0.0890505864550974,0.3407540585234773,linuxpc-intel-slurm-parallel.peta4,64,2.6923147000000003,64000.0,0.1,07_MeOH-Peptide,7,DMCdla5,Jopt,44
44,-44717.4015723,0.0412238134786176,kcal/mol,1275.0,63945.08023715415,1.0542943364994797,1.1522804749727154,0.047506209994767734,0.32289443858800315,linuxpc-intel-slurm-parallel.peta4-cclake,224,0.817051968,64000.0,0.05,07_MeOH-Peptide,7,DMCdla5,Jopt,44
45,-44716.2528906498,0.0466110355140915,kcal/mol,1215.0,63972.68724792113,0.9109272236293646,1.1975254698123372,0.02919714341474503,0.3315147492230586,linuxpc-intel-slurm-parallel.peta4,96,1.8052691200000002,64000.0,0.03,07_MeOH-Peptide,7,DMCdla5,Jopt,44
46,-44716.0695772407,0.0491879664622354,kcal/mol,935.0,63994.45860540541,0.5898968994859194,1.1631406720199555,0.00993582055055068,0.308947784001915,linuxpc-intel-slurm-parallel.peta4,128,1.3552638591397852,64000.0,0.01,07_MeOH-Peptide,7,DMCdla5,Jopt,44
47,-44716.4481746975,0.0426168141631627,kcal/mol,1201.5,64006.847074019424,0.2796024449862501,1.1672261464387825,0.0029962682588833803,0.2628191570860588,linuxpc-intel-slurm-parallel.peta4,64,2.707417005263158,64000.0,0.003,07_MeOH-Peptide,7,DMCdla5,Jopt,44
48,-25913.654752804,0.0340447040035244,kcal/mol,1050.0,63891.17971153846,1.380486086360838,0.6565156868248152,0.08738058924046896,0.31081497826538385,linuxpc-intel-slurm-parallel.peta4,64,0.9235688400000001,64000.0,0.1,08_MeOH-Water,8,DMCdla5,Jopt,22
49,-25909.7123457869,0.030125501836871,kcal/mol,1275.0,63958.62023715415,0.8827478690188633,0.6608144440630334,0.047062905092304604,0.27256657165580683,linuxpc-intel-slurm-parallel.peta4-cclake,224,0.29076904000000003,64000.0,0.05,08_MeOH-Water,8,DMCdla5,Jopt,22
50,-25908.6099204874,0.0294045782561564,kcal/mol,1215.0,63978.11367823532,0.7122676287708245,0.6640566391394577,0.029041362361342797,0.270436104426056,linuxpc-intel-slurm-parallel.peta4,64,0.9224033100000002,64000.0,0.03,08_MeOH-Water,8,DMCdla5,Jopt,22
51,-25908.2256373663,0.0306758651505636,kcal/mol,1005.0,63990.44761809045,0.46980312407655367,0.6756615415925868,0.009921737788717404,0.2274531842399823,linuxpc-intel-slurm-parallel.peta4,64,0.9293965180000003,64000.0,0.01,08_MeOH-Water,8,DMCdla5,Jopt,22
52,-25908.4468229029,0.0309883190343173,kcal/mol,1201.5,63989.28595348041,0.24010462823188033,0.6833663523771463,0.002995390318218294,0.2502302727872621,linuxpc-intel-slurm-parallel.peta4-cclake,56,1.1133959523255812,64000.0,0.003,08_MeOH-Water,8,DMCdla5,Jopt,22
53,-26781.7486259605,0.0368337143396762,kcal/mol,1050.0,63934.23951923077,1.4642437136293187,0.6501278680222454,0.08966552195448292,0.3466548786303276,linuxpc-intel-slurm-parallel.peta4,64,1.2556656499999999,64000.0,0.1,09_MeNH2-MeOH,9,DMCdla5,Jopt,28
54,-26778.8774385718,0.0373987848838014,kcal/mol,1275.0,63966.331027667984,0.9649973807549044,0.6563547047222686,0.04766308405814556,0.3470441949416476,linuxpc-intel-slurm-parallel.peta4-cclake,224,0.391606016,64000.0,0.05,09_MeNH2-MeOH,9,DMCdla5,Jopt,28
55,-26778.2180924032,0.0375003995699112,kcal/mol,1215.0,63978.054797590004,0.7313454621942277,0.6752616149542794,0.02925089181737738,0.3416923742529517,linuxpc-intel-slurm-parallel.peta4,64,1.2591203,64000.0,0.03,09_MeNH2-MeOH,9,DMCdla5,Jopt,28
56,-26778.165162762,0.0349229369254902,kcal/mol,1005.0,63981.68553768844,0.47677099468013834,0.6548357462048922,0.009940535806617835,0.28592801407327645,linuxpc-intel-slurm-parallel.peta4,96,0.837355593,64000.0,0.01,09_MeNH2-MeOH,9,DMCdla5,Jopt,28
57,-26778.355903955,0.0364880931740977,kcal/mol,1201.5,64001.399319176366,0.24697363351821494,0.6868741777112681,0.0029965579254134945,0.3337707925688832,linuxpc-intel-slurm-parallel.peta4-icelake,152,0.3844679000000001,64000.0,0.003,09_MeNH2-MeOH,9,DMCdla5,Jopt,28
58,-23348.1312615688,0.0355261501006498,kcal/mol,1050.0,63944.82846153846,1.3131023415257015,0.5057954195964207,0.09094727434954485,0.4103038899980342,linuxpc-intel-slurm-parallel.peta4-knl,256,2.70539833,64000.0,0.1,10_MeNH2-MeNH2,10,DMCdla5,Jopt,28
59,-23346.812248088,0.0298996091835211,kcal/mol,1275.0,63989.26438735178,0.8537654735797601,0.5147864348052986,0.04799950105116342,0.3952522958416357,linuxpc-intel-slurm-parallel.peta4-cclake,224,0.41813581999999994,64000.0,0.05,10_MeNH2-MeNH2,10,DMCdla5,Jopt,28
60,-23346.6259242762,0.0330828779236562,kcal/mol,1215.0,63986.66528905044,0.7152676768520647,0.5179091983851181,0.02936830536399909,0.3648024760176873,linuxpc-intel-slurm-parallel.peta4-knl,256,2.70421788,64000.0,0.03,10_MeNH2-MeNH2,10,DMCdla5,Jopt,28
61,-23346.6069887459,0.0323916054869544,kcal/mol,1010.0,64000.55584,0.6430351619641628,0.5020318800438163,0.01975177344028126,0.34092181208304134,linuxpc-intel-slurm-parallel.peta4-icelake-zen,304,0.23594297399999997,64000.0,0.02,10_MeNH2-MeNH2,10,DMCdla5,Jopt,28
62,-23346.9002749619,0.0340277406769005,kcal/mol,1005.0,63981.91944723618,0.45478023332820655,0.5218678161085595,0.009951092230158234,0.3205141950200906,linuxpc-intel-slurm-parallel.peta4-knl,640,1.202451571875,64000.0,0.01,10_MeNH2-MeNH2,10,DMCdla5,Jopt,28
63,-23347.067890432,0.0302215092752296,kcal/mol,1201.5,63989.52636932668,0.22558178641861995,0.5184811003131788,0.0029972130025169488,0.33337386457116525,linuxpc-intel-slurm-parallel.peta4,64,1.3476872500000003,64000.0,0.003,10_MeNH2-MeNH2,10,DMCdla5,Jopt,28
64,-41285.0882480382,0.0418023154894357,kcal/mol,1050.0,63902.20115384615,1.572586852064269,0.9939889608044554,0.08986701958539098,0.3474467965680026,linuxpc-intel-slurm-parallel.peta4,64,2.80136692,64000.0,0.1,11_MeNH2-Peptide,11,DMCdla5,Jopt,44
65,-41281.3839537962,0.0405442077104909,kcal/mol,1275.0,63963.885059288536,1.0654891144842784,1.012728907057419,0.04772153246470146,0.3580440967833012,linuxpc-intel-slurm-parallel.peta4-cclake,224,0.8490568080000002,64000.0,0.05,11_MeNH2-Peptide,11,DMCdla5,Jopt,44
66,-41280.7412477076,0.0403990859272365,kcal/mol,1215.0,63977.507294726885,0.8365778804023883,0.9987917428165338,0.02927242557019963,0.31951111525988474,linuxpc-intel-slurm-parallel.peta4,96,1.8833666600000003,64000.0,0.03,11_MeNH2-Peptide,11,DMCdla5,Jopt,44
67,-41280.5992584475,0.0418263899336836,kcal/mol,1010.0,63972.99372,0.7896549914433162,1.052853307891109,0.019711843038071115,0.3358557142807148,linuxpc-intel-slurm-parallel.peta4-icelake-zen,304,0.47519107200000005,64000.0,0.02,11_MeNH2-Peptide,11,DMCdla5,Jopt,44
68,-41280.90379681,0.0487928905250593,kcal/mol,975.0,63992.646497409325,0.5578392070101167,1.0629849350605953,0.009942603070758617,0.3276962085972273,linuxpc-intel-slurm-parallel.peta4-knl,320,4.214776296666667,64000.0,0.01,11_MeNH2-Peptide,11,DMCdla5,Jopt,44
69,-41281.1408294826,0.0446046318952662,kcal/mol,1201.5,63989.616472709145,0.26946758010860217,1.045458197237779,0.0029966890611121413,0.32621634942143635,linuxpc-intel-slurm-parallel.peta4,64,2.8637607735294117,64000.0,0.003,11_MeNH2-Peptide,11,DMCdla5,Jopt,44
70,-22481.6633953004,0.0302784443523404,kcal/mol,1050.0,63915.270576923074,1.2816331454293817,0.5118570862643281,0.08899848585624635,0.30169157973480454,linuxpc-intel-slurm-parallel.peta4,64,0.9747617299999998,64000.0,0.1,12_MeNH2-Water,12,DMCdla5,Jopt,22
71,-22478.9072066456,0.0311875753333919,kcal/mol,1275.0,63976.116205533595,0.8707700832030593,0.5249672205222018,0.04748817512213739,0.31225338450993073,linuxpc-intel-slurm-parallel.peta4-cclake,224,0.307157276,64000.0,0.05,12_MeNH2-Water,12,DMCdla5,Jopt,22
72,-22478.3179924206,0.0275010878611824,kcal/mol,1215.0,63973.187770751385,0.6781155377953123,0.5301245466373223,0.029190008404328466,0.2694154200008603,linuxpc-intel-slurm-parallel.peta4,64,0.990994165,64000.0,0.03,12_MeNH2-Water,12,DMCdla5,Jopt,22
73,-22478.1268611504,0.0285293447624238,kcal/mol,1010.0,63974.8177,0.6136522043590799,0.5381201090174376,0.0196770066918957,0.2604724966816593,linuxpc-intel-slurm-parallel.peta4-icelake-zen,304,0.170032894,64000.0,0.02,12_MeNH2-Water,12,DMCdla5,Jopt,22
74,-22478.1734722985,0.0302159191745147,kcal/mol,1005.0,63991.36650251256,0.42712199302415177,0.5330680424713016,0.009935083432514338,0.24082611794608086,linuxpc-intel-slurm-parallel.peta4,64,0.9818239729999996,64000.0,0.01,12_MeNH2-Water,12,DMCdla5,Jopt,22
75,-22478.2919866527,0.0343778677751732,kcal/mol,1201.5,63999.714947905915,0.2253773403020444,0.5376029977937683,0.0029962200083211103,0.2859823873993401,linuxpc-intel-slurm-parallel.peta4,64,0.9856296021739134,64000.0,0.003,12_MeNH2-Water,12,DMCdla5,Jopt,22
76,-44720.7607783137,0.0527386952079581,kcal/mol,1050.0,63888.47759615385,1.6876066374042569,1.1357893065818148,0.08904658385796373,0.3770283298818362,linuxpc-intel-slurm-parallel.peta4-knl,256,5.05868701,64000.0,0.1,13_Peptide-MeOH,13,DMCdla5,Jopt,44
77,-44715.4475978507,0.0468867982960149,kcal/mol,1275.0,63967.907628458495,1.116334499749644,1.1461098221315977,0.047505580509915685,0.3441714694257983,linuxpc-intel-slurm-parallel.peta4-cclake,224,0.8158788880000002,64000.0,0.05,13_Peptide-MeOH,13,DMCdla5,Jopt,44
78,-44714.283961316,0.0467088070822325,kcal/mol,1215.0,63971.39386545835,0.896172545947214,1.1630700190436714,0.029196978227442456,0.3296290197746022,linuxpc-intel-slurm-parallel.peta4,160,1.0872789045454545,64000.0,0.03,13_Peptide-MeOH,13,DMCdla5,Jopt,44
79,-44713.9729717095,0.0482099554292419,kcal/mol,1010.0,63976.68718,0.7965474219585814,1.142687079276415,0.019680162895794457,0.2857253737604888,linuxpc-intel-slurm-parallel.peta4-icelake-zen,304,0.4611626000000001,64000.0,0.02,13_Peptide-MeOH,13,DMCdla5,Jopt,44
80,-44714.1609739392,0.0464846647717135,kcal/mol,1005.0,63991.342442211055,0.5697262098498201,1.1510279480791517,0.009935808714595828,0.2928711006807068,linuxpc-intel-slurm-parallel.peta4,320,0.5759712815789472,64000.0,0.01,13_Peptide-MeOH,13,DMCdla5,Jopt,44
81,-44714.4133377791,0.0436335532482904,kcal/mol,1201.5,63990.6139447989,0.287237908731085,1.184610139436819,0.0029962674145908655,0.2957661630850878,linuxpc-intel-slurm-parallel.peta4,64,2.726089361538462,64000.0,0.003,13_Peptide-MeOH,13,DMCdla5,Jopt,44
82,-41287.3400762946,0.0494191768757895,kcal/mol,1050.0,63923.470673076925,1.6576154637651512,0.985210013255848,0.08986730141121015,0.3858468820115257,linuxpc-intel-slurm-parallel.peta4,64,2.7545017699999996,64000.0,0.1,14_Peptide-MeNH2,14,DMCdla5,Jopt,44
83,-41283.4410135418,0.0420848442828799,kcal/mol,1275.0,63960.88671936759,1.0682108536460526,1.0107501222567936,0.04772160774099626,0.34834110915211475,linuxpc-intel-slurm-parallel.peta4-cclake,224,0.8465339959999999,64000.0,0.05,14_Peptide-MeNH2,14,DMCdla5,Jopt,44
84,-41282.8452146976,0.0443202306616248,kcal/mol,1215.0,63984.02302942787,0.8630966880517125,1.045385357534642,0.029272493330782533,0.3676573132920904,linuxpc-intel-slurm-parallel.peta4,96,1.8573732099999998,64000.0,0.03,14_Peptide-MeNH2,14,DMCdla5,Jopt,44
85,-41282.7087858221,0.0467154816867083,kcal/mol,1010.0,63973.9895,0.7876196596642099,1.0345302258026385,0.019711890089320085,0.3326071822479512,linuxpc-intel-slurm-parallel.peta4-icelake-zen,304,0.47527623,64000.0,0.02,14_Peptide-MeNH2,14,DMCdla5,Jopt,44
86,-41282.8700848137,0.0396894811704638,kcal/mol,1005.0,63979.10310552764,0.5350707572375665,1.0005574854691528,0.009942611761075117,0.2957172728581695,linuxpc-intel-slurm-parallel.peta4,320,0.59556327,64000.0,0.01,14_Peptide-MeNH2,14,DMCdla5,Jopt,44
87,-41283.0999927889,0.0433775495015985,kcal/mol,1201.5,63982.71420514344,0.2857769495016086,1.0662911498426677,0.0029966900544035296,0.34713476137008714,linuxpc-intel-slurm-parallel.peta4,64,2.7647511933333337,64000.0,0.003,14_Peptide-MeNH2,14,DMCdla5,Jopt,44
88,-59223.1732490377,0.0662525910996291,kcal/mol,1050.0,63888.282692307694,1.8779235331429924,1.5005712285774475,0.08935398101097845,0.3958246608370778,linuxpc-intel-slurm-parallel.peta4,64,4.62392437,64000.0,0.1,15_Peptide-Peptide,15,DMCdla5,Jopt,60
89,-59217.5266606876,0.0589235331157675,kcal/mol,1275.0,63966.57221343873,1.2194315999788836,1.5310899080072522,0.04758912207508647,0.38319430064420773,linuxpc-intel-slurm-parallel.peta4-cclake,224,1.3530561479999998,64000.0,0.05,15_Peptide-Peptide,15,DMCdla5,Jopt,60
90,-59216.4942690602,0.0481736740333558,kcal/mol,1215.0,63982.576183837074,1.0062213414968684,1.5138912002528226,0.029226784917174408,0.3329864467834865,linuxpc-intel-slurm-parallel.peta4,128,2.3318209900000006,64000.0,0.03,15_Peptide-Peptide,15,DMCdla5,Jopt,60
91,-59216.3410396589,0.0607032756056961,kcal/mol,1010.0,63989.62536,0.8781074826878708,1.5232702584188056,0.019692821679499907,0.3201605492003357,linuxpc-intel-slurm-parallel.peta4-icelake-zen,304,0.7655185420000001,64000.0,0.02,15_Peptide-Peptide,15,DMCdla5,Jopt,60
92,-59216.545274932,0.0629711022448333,kcal/mol,1005.0,63982.44604020101,0.6410792521333855,1.537755395007845,0.009938556256312745,0.37612001914166066,linuxpc-intel-slurm-parallel.peta4,320,0.9609728350000003,64000.0,0.01,15_Peptide-Peptide,15,DMCdla5,Jopt,60
93,-59217.102184854,0.0542851097852577,kcal/mol,1201.5,64010.930449736385,0.32256454758979014,1.5733830656189716,0.002996439880356415,0.3381186940124961,linuxpc-intel-slurm-parallel.peta4-cclake,112,2.6504476714285716,64000.0,0.003,15_Peptide-Peptide,15,DMCdla5,Jopt,60
94,-40414.5714755768,0.0477648897218542,kcal/mol,1050.0,63898.05596153846,1.5993524423573777,0.9900329800778792,0.08856332954094101,0.33870346062211737,linuxpc-intel-slurm-parallel.peta4,64,2.22100421,64000.0,0.1,16_Peptide-Water,16,DMCdla5,Jopt,38
95,-40409.9116490074,0.0384674196029166,kcal/mol,1275.0,63964.37324110672,1.0564775212932758,1.0072000132364065,0.04737915312101816,0.2958189463602833,linuxpc-intel-slurm-parallel.peta4-cclake,224,0.682837708,64000.0,0.05,16_Peptide-Water,16,DMCdla5,Jopt,38
96,-40408.8677987659,0.0431994191345072,kcal/mol,1215.0,63977.50714534681,0.8348914585900007,1.0248904040777762,0.029153003567371733,0.31403257772432297,linuxpc-intel-slurm-parallel.peta4,128,1.1348874725000002,64000.0,0.03,16_Peptide-Water,16,DMCdla5,Jopt,38
97,-40408.5708264838,0.0450466600304053,kcal/mol,1010.0,63981.84106,0.7674784768485554,1.044753219798138,0.01966176205152927,0.28765675074932234,linuxpc-intel-slurm-parallel.peta4-icelake-zen,304,0.38021382400000003,64000.0,0.02,16_Peptide-Water,16,DMCdla5,Jopt,38
98,-40408.6781818071,0.045396576768412,kcal/mol,1005.0,63992.78333668342,0.5241654046708147,1.0420168254892852,0.00993188558488326,0.27648821126713635,linuxpc-intel-slurm-parallel.peta4,256,0.5828525289999997,64000.0,0.01,16_Peptide-Water,16,DMCdla5,Jopt,38
99,-40408.9415639885,0.0396651505263302,kcal/mol,1201.5,63997.01570376115,0.26839004781636355,1.0497937317064303,0.0029960245450295995,0.25285096826026787,linuxpc-intel-slurm-parallel.peta4-cclake,112,1.3395763035714292,64000.0,0.003,16_Peptide-Water,16,DMCdla5,Jopt,38
100,-96647.1444015876,0.0780625459861226,kcal/mol,1050.0,63879.64490384615,2.178292199893136,2.5517273345356135,0.0877198139312428,0.3644936080191392,linuxpc-intel-slurm-parallel.peta4,64,9.400995210000001,64000.0,0.1,17_Uracil-Uracil_BP,17,DMCdla5,Jopt,84
101,-96636.8013850002,0.0673686387996126,kcal/mol,1275.0,63952.30371541502,1.4728939100697307,2.6353720515673356,0.04717387443748708,0.34743118096098896,linuxpc-intel-slurm-parallel.peta4-cclake,224,2.79135532,64000.0,0.05,17_Uracil-Uracil_BP,17,DMCdla5,Jopt,84
102,-96634.5732984663,0.071238189389304,kcal/mol,1125.0,63962.67930366464,1.1394405347771888,2.6013586920056118,0.029084510282243025,0.301402673698551,linuxpc-intel-slurm-parallel.peta4-knl,320,10.93375550909091,64000.0,0.03,17_Uracil-Uracil_BP,17,DMCdla5,Jopt,84
103,-96634.1844147243,0.0769739749682646,kcal/mol,1010.0,63968.58096,1.0732253118338977,2.6393353816630634,0.01963385617954696,0.34517950019376875,linuxpc-intel-slurm-parallel.peta4-icelake-zen,304,1.584153922,64000.0,0.02,17_Uracil-Uracil_BP,17,DMCdla5,Jopt,84
104,-96634.381045726,0.0619810945197631,kcal/mol,1565.0,63998.02729903537,0.598702722250866,2.689094140245229,0.009926098449720392,0.33024307131074243,linuxpc-intel-slurm-parallel.peta4-icelake-zen,304,1.5079677428571432,64000.0,0.01,17_Uracil-Uracil_BP,17,DMCdla5,Jopt,84
105,-96635.0002019488,0.0702354554667989,kcal/mol,1201.5,63995.77072307297,0.36732519594848,2.7555668635647286,0.00299567326796044,0.32232946759233183,linuxpc-intel-slurm-parallel.peta4,160,3.788205861538461,64000.0,0.003,17_Uracil-Uracil_BP,17,DMCdla5,Jopt,84
106,-36715.9333907191,0.0417337025876491,kcal/mol,1050.0,63926.11961538462,1.4527601526255929,0.8591833984061662,0.08980510065139094,0.37125326987473545,linuxpc-intel-slurm-parallel.peta4,64,2.44524986,64000.0,0.1,18_Water-Pyridine,18,DMCdla5,Jopt,38
107,-36712.5302904452,0.035915167763442,kcal/mol,1275.0,63967.600395256915,1.012316388012595,0.8729151344331815,0.0477067983580613,0.32891927085826256,linuxpc-intel-slurm-parallel.peta4-cclake,224,0.7563190560000002,64000.0,0.05,18_Water-Pyridine,18,DMCdla5,Jopt,38
108,-36711.75780553,0.0394898359081368,kcal/mol,1215.0,63980.98804959418,0.8071956369127903,0.8726231713416794,0.029267588560674768,0.3244461728722915,linuxpc-intel-slurm-parallel.peta4,128,1.2590609324999993,64000.0,0.03,18_Water-Pyridine,18,DMCdla5,Jopt,38
109,-36711.7764421067,0.0504385125462988,kcal/mol,1010.0,63969.92266,0.7439923962408493,0.8875676328982638,0.019709822383050652,0.3285060340058413,linuxpc-intel-slurm-parallel.peta4-icelake-zen,304,0.40293399999999996,64000.0,0.02,18_Water-Pyridine,18,DMCdla5,Jopt,38
110,-36711.8680482949,0.0421199346979966,kcal/mol,1005.0,63987.98677386935,0.5340054106095526,0.8922144601345745,0.009942128610058672,0.31043014824605963,linuxpc-intel-slurm-parallel.peta4,256,0.6395289389999999,64000.0,0.01,18_Water-Pyridine,18,DMCdla5,Jopt,38
111,-36712.1054820546,0.0372337431801587,kcal/mol,1201.5,64006.82549110448,0.2592228481757896,0.8937681569046935,0.002996653870559938,0.3031108455147321,linuxpc-intel-slurm-parallel.peta4-cclake,112,1.4964777470588235,64000.0,0.003,18_Water-Pyridine,18,DMCdla5,Jopt,38
112,-41020.7255302555,0.041829324884158,kcal/mol,1050.0,63909.55942307692,1.5828500878987133,0.9532213767507421,0.09012378750517233,0.34866483803746373,linuxpc-intel-slurm-parallel.peta4,64,2.8233275,64000.0,0.1,19_MeOH-Pyridine,19,DMCdla5,Jopt,44
113,-41017.1463966997,0.0495825407636522,kcal/mol,1275.0,63964.245217391304,1.0834097932811695,1.0063461579826036,0.047789677678406056,0.3483909649828254,linuxpc-intel-slurm-parallel.peta4-cclake,224,0.868939144,64000.0,0.05,19_MeOH-Pyridine,19,DMCdla5,Jopt,44
114,-41016.4460510506,0.0426816383544383,kcal/mol,1215.0,63989.91086988996,0.8377933976245446,0.9855581787843579,0.029296342712683266,0.33820222118396753,linuxpc-intel-slurm-parallel.peta4,128,1.4418500024999998,64000.0,0.03,19_MeOH-Pyridine,19,DMCdla5,Jopt,44
115,-41016.2831528647,0.0487669414239438,kcal/mol,1010.0,63972.8658,0.7623597914739698,0.9964238144796037,0.01972182210945081,0.3330105526146845,linuxpc-intel-slurm-parallel.peta4-icelake-zen,304,0.48451919200000004,64000.0,0.02,19_MeOH-Pyridine,19,DMCdla5,Jopt,44
116,-41016.6188170294,0.0521188596090568,kcal/mol,1005.0,63977.749688442214,0.5632659006471156,1.0177603612046702,0.009944682976142556,0.33365205516741564,linuxpc-intel-slurm-parallel.peta4,256,0.737283895,64000.0,0.01,19_MeOH-Pyridine,19,DMCdla5,Jopt,44
117,-41016.9814344219,0.049228172984772,kcal/mol,1201.5,64002.23849221736,0.2860686088049658,1.0196201997554297,0.002996812532511784,0.32879391912821965,linuxpc-intel-slurm-parallel.peta4-cclake,112,1.7199925281249995,64000.0,0.003,19_MeOH-Pyridine,19,DMCdla5,Jopt,44
118,-57451.7178765556,0.0509610688749765,kcal/mol,1050.0,63643.62288461538,1.8035153017245742,1.6870189381705316,0.08701044802886525,0.27262231655007724,linuxpc-intel-slurm-parallel.peta4,64,6.813442820000001,64000.0,0.1,20_AcOH-AcOH,20,DMCtm5,Jopt,48
119,-57445.4880486173,0.0427840757905071,kcal/mol,1230.0,63826.028967688,1.3161972416657983,1.6209334607791765,0.055521871861342754,0.2149480942677715,linuxpc-intel-slurm-parallel.peta4,64,6.628425275,64000.0,0.06,20_AcOH-AcOH,20,DMCtm5,Jopt,48
120,-57443.2330300268,0.0494755765402347,kcal/mol,1005.0,63935.939848037146,1.0301609965527552,1.5880424885382494,0.02901273983508931,0.20414112908841692,,,,,0.03,20_AcOH-AcOH,20,DMCtm5,Jopt,48
121,-57443.6696290401,0.0606115749356392,kcal/mol,690.0,63969.909794117644,1.026266991418471,1.5996253563909142,0.019603959690106552,0.1886275630466346,,,,,0.02,20_AcOH-AcOH,20,DMCtm5,Jopt,48
122,-57444.7288970153,0.0702801168652252,kcal/mol,345.0,63977.44794029851,1.0527889314213028,1.5402646589397326,0.009919846965544725,0.1865904987224724,,,,,0.01,20_AcOH-AcOH,20,DMCtm5,Jopt,48
123,-57445.352559447,0.137882865955956,kcal/mol,141.0,64021.987816607885,1.103430727693907,1.6480499554952295,0.005975790189729549,0.21251297731779675,linuxpc-intel-slurm-parallel.peta4-cclake,112,3.865765430434783,64000.0,0.006,20_AcOH-AcOH,20,DMCtm5,Jopt,48
124,-57446.337808387,0.258063390029681,kcal/mol,52.5,64026.10165184244,2.1017423554426684,1.6997694901808245,0.0029952999452146026,0.23043643269643807,,,,,0.003,20_AcOH-AcOH,20,DMCtm5,Jopt,48
125,-57449.9638253013,0.0435765409167909,kcal/mol,1230.0,63761.76324202036,1.2788598613517563,1.6839148858308752,0.05552241737045368,0.20829613959892382,linuxpc-intel-slurm-parallel.peta4-cclake,112,4.014054665,64000.0,0.06,20_AcOH-AcOH,20,DMCtm5,Jopt,48
126,-57446.2486763623,0.0577043700462112,kcal/mol,705.0,63902.827592160924,1.186100468904183,1.6433488869359518,0.029013203579329835,0.18422173294721497,linuxpc-intel-slurm-parallel.peta4-cclake,112,3.9867186782608695,64000.0,0.03,20_AcOH-AcOH,20,DMCtm5,Jopt,48
127,-57446.0724020814,0.100262048901214,kcal/mol,245.0,63942.0409787234,1.214728325986278,1.5647729974920639,0.009919911690588097,0.19124353080125234,linuxpc-intel-slurm-parallel.peta4-cclake,112,3.9323175375,64000.0,0.01,20_AcOH-AcOH,20,DMCtm5,Jopt,48
128,-57446.6874137579,0.126040781086001,kcal/mol,147.0,63969.07975298909,1.4025812692317463,1.5955870094465554,0.005975812098031553,0.22572986929694042,linuxpc-intel-slurm-parallel.peta4-cclake,112,3.9356261125000005,64000.0,0.006,20_AcOH-AcOH,20,DMCtm5,Jopt,48
129,-57446.4460619991,0.216326229113781,kcal/mol,52.5,64014.58795708033,1.7631420542853933,1.6401064909622671,0.0029953067836514164,0.20119046647599967,,,,,0.003,20_AcOH-AcOH,20,DMCtm5,Jopt,48
130,-57480.6228314267,0.0539083417851622,kcal/mol,1050.0,63847.45798076923,1.8042964592137356,1.5364627307566492,0.0872043840109759,0.3558147237937716,linuxpc-intel-slurm-parallel.peta4,64,3.03044311,64000.0,0.1,20_AcOH-AcOH,20,DMCdla5,Jopt,48
131,-57472.9004192013,0.0454072692874176,kcal/mol,1275.0,63944.537075098815,1.1460788782988116,1.5131963144269716,0.04702545152502222,0.2802233893750273,linuxpc-intel-slurm-parallel.peta4-cclake,224,0.9296582800000001,64000.0,0.05,20_AcOH-AcOH,20,DMCdla5,Jopt,48
132,-57470.8343321854,0.0484722880746384,kcal/mol,1215.0,63973.582208833344,0.979340056536059,1.5528727726251081,0.029030193963808324,0.27910246566121977,linuxpc-intel-slurm-parallel.peta4,96,2.0339868800000005,64000.0,0.03,20_AcOH-AcOH,20,DMCdla5,Jopt,48
133,-57470.4488266894,0.0534538736378294,kcal/mol,1010.0,63978.8804,0.8545136091291722,1.5671404304149616,0.019610389016328708,0.26123902745656175,linuxpc-intel-slurm-parallel.peta4-icelake-zen,304,0.5019909100000002,64000.0,0.02,20_AcOH-AcOH,20,DMCdla5,Jopt,48
134,-57470.2652521826,0.0564877744424815,kcal/mol,1005.0,63984.650934673366,0.6266614912920611,1.5716494122609055,0.009920927549404091,0.26119789922670905,linuxpc-intel-slurm-parallel.peta4-knl,320,4.506996094444444,64000.0,0.01,20_AcOH-AcOH,20,DMCdla5,Jopt,48
135,-57470.5772890793,0.0422876087775837,kcal/mol,1351.5,64000.22936672287,0.2928724727351994,1.5681905104481964,0.0029953473183789193,0.256750690857704,linuxpc-intel-slurm-parallel.peta4-cclake,56,3.595096377272727,64000.0,0.003,20_AcOH-AcOH,20,DMCdla5,Jopt,48
136,-50604.4698122342,0.055638986002579,kcal/mol,1050.0,63895.26653846154,1.6744551813017066,1.2489679588205735,0.08867695090562701,0.35808639159601013,linuxpc-intel-slurm-parallel.peta4,64,3.0804422899999997,64000.0,0.1,21_AcNH2-AcNH2,21,DMCdla5,Jopt,48
137,-50598.6022199829,0.0428912873634338,kcal/mol,1275.0,63958.49533596838,1.1224997703776367,1.2603957737580251,0.047413158798976916,0.2909843644123518,linuxpc-intel-slurm-parallel.peta4-cclake,224,0.9309062199999999,64000.0,0.05,21_AcNH2-AcNH2,21,DMCdla5,Jopt,48
138,-50597.1851884259,0.0483632858258113,kcal/mol,1215.0,63965.776950654785,0.8940444190752114,1.2752716397329882,0.02916568947843643,0.3093302130918399,linuxpc-intel-slurm-parallel.peta4,64,3.0843541874999993,64000.0,0.03,21_AcNH2-AcNH2,21,DMCdla5,Jopt,48
139,-50596.9849413814,0.0515202123348098,kcal/mol,1010.0,63975.56636,0.834302368890238,1.306585438755991,0.01966733530869424,0.27972825439048765,linuxpc-intel-slurm-parallel.peta4-icelake-zen,304,0.502347818,64000.0,0.02,21_AcNH2-AcNH2,21,DMCdla5,Jopt,48
140,-50596.9563856392,0.0513107616701854,kcal/mol,1005.0,63992.29056281407,0.5993959435372463,1.3175899405201452,0.00993313456054069,0.3045913389193239,linuxpc-intel-slurm-parallel.peta4-knl,640,2.3730254800000004,64000.0,0.01,21_AcNH2-AcNH2,21,DMCdla5,Jopt,48
141,-50597.3528447551,0.0702640759206161,kcal/mol,457.5,63980.419633160374,0.507439669668613,1.2717854380046372,0.002996104434927963,0.2429808309288597,,,,,0.003,21_AcNH2-AcNH2,21,DMCdla5,Jopt,48
142,-77066.2362197869,0.0627420033261426,kcal/mol,1050.0,63853.10451923077,2.001479175051789,2.0928570175553043,0.08753900854092679,0.3490360642584254,linuxpc-intel-slurm-parallel.peta4-knl,256,9.09921242,64000.0,0.1,22_AcOH-Uracil,22,DMCdla5,Jopt,66
143,-77056.526373687,0.0587059001325316,kcal/mol,1275.0,63944.485849802375,1.284198044369215,2.0708666282323036,0.047121492007523386,0.32376873105974563,linuxpc-intel-slurm-parallel.peta4-cclake,224,1.6746894720000003,64000.0,0.05,22_AcOH-Uracil,22,DMCdla5,Jopt,66
144,-77054.0651550233,0.0577387067395463,kcal/mol,1215.0,63957.579918338895,1.0528726271046966,2.0936546337390847,0.029065179889542717,0.30887768633814033,linuxpc-intel-slurm-parallel.peta4-knl,640,3.6845642037037045,64000.0,0.03,22_AcOH-Uracil,22,DMCdla5,Jopt,66
145,-77053.622489846,0.0673235963483752,kcal/mol,1010.0,63974.81354,0.9519372075627258,2.1367872779501433,0.019625478619817668,0.31298218364061614,linuxpc-intel-slurm-parallel.peta4-icelake-zen,304,0.97817564,64000.0,0.02,22_AcOH-Uracil,22,DMCdla5,Jopt,66
146,-77053.6856549871,0.0670978471079395,kcal/mol,1005.0,63971.74825125628,0.7037404550351981,2.132171824587458,0.009924246965370477,0.29319450027781124,linuxpc-intel-slurm-parallel.peta4,320,1.1805116740000001,64000.0,0.01,22_AcOH-Uracil,22,DMCdla5,Jopt,66
147,-77054.0579501219,0.058129172297059,kcal/mol,1201.5,63983.96636167245,0.3402251691258242,2.1350495513672443,0.0029955555863645203,0.2644137879883602,linuxpc-intel-slurm-parallel.peta4-icelake,152,1.5625429492307696,64000.0,0.003,22_AcOH-Uracil,22,DMCdla5,Jopt,66
148,-73629.0547965577,0.0753550039823827,kcal/mol,950.0,63847.58414893617,2.0826212289752553,1.980411474829131,0.08807178948640977,0.3746263383674551,linuxpc-intel-slurm-parallel.peta4-knl,192,12.345006088888887,64000.0,0.1,23_AcNH2-Uracil,23,DMCdla5,Jopt,66
149,-73620.378878491,0.0559268695516909,kcal/mol,1275.0,63947.04470355731,1.3053328386074998,2.0174045634248805,0.04726194289534617,0.3162445512767757,linuxpc-intel-slurm-parallel.peta4-cclake,224,1.7494440239999993,64000.0,0.05,23_AcNH2-Uracil,23,DMCdla5,Jopt,66
150,-73618.3061370519,0.055795403467396,kcal/mol,1215.0,63960.6329482647,1.0572205343834244,1.9730926782076528,0.02911433289387167,0.32213761534052787,linuxpc-intel-slurm-parallel.peta4,160,2.294184177777778,64000.0,0.03,23_AcNH2-Uracil,23,DMCdla5,Jopt,66
151,-73617.9702889479,0.0656828596699934,kcal/mol,1010.0,63976.95772,0.988066066687383,1.9595123951181872,0.019646153170169992,0.31861975737990667,linuxpc-intel-slurm-parallel.peta4-icelake-zen,304,0.9691831139999999,64000.0,0.02,23_AcNH2-Uracil,23,DMCdla5,Jopt,66
152,-73617.9309524221,0.0593615052917464,kcal/mol,1005.0,63965.79877386935,0.7088499915084876,2.0124793083621078,0.0099286836488903,0.3066494291085348,linuxpc-intel-slurm-parallel.peta4,320,1.1903250431372543,64000.0,0.01,23_AcNH2-Uracil,23,DMCdla5,Jopt,66
153,-73618.2962588667,0.109995742535958,kcal/mol,241.5,63977.84744576627,0.7367830604147372,1.8929072007523422,0.002995831415428284,0.22432457302090375,,,,,0.003,23_AcNH2-Uracil,23,DMCdla5,Jopt,66
154,-47287.4059069697,0.0361674236572673,kcal/mol,7349.999999999999,63463.64043872198,1.8053694706390666,1.0283483926265737,0.3362576672258921,1.3111597800938941,linuxpc-intel-slurm-parallel.peta4-knl,320,7.623158899999999,64000.0,0.7,24_Benzene-Benzene_pi-pi,24,DMCdla5,Jopt,60
155,-47251.0943631673,0.0509963005613388,kcal/mol,1050.0,63952.29346153846,1.7384539212960795,1.0665304079981393,0.09172687633235792,0.515729768738228,linuxpc-intel-slurm-parallel.peta4-knl,640,3.8898241600000003,64000.0,0.1,24_Benzene-Benzene_pi-pi,24,DMCdla5,Jopt,60
156,-47249.7928097992,0.0405359423843448,kcal/mol,2430.0,63962.89948677262,0.8984871716884283,1.0804747494538334,0.057300870359755424,0.48012503914235866,linuxpc-intel-slurm-parallel.peta4-icelake-zen,76,3.7722258,64000.0,0.06,24_Benzene-Benzene_pi-pi,24,DMCdla5,Jopt,60
157,-47249.6735452094,0.0380051335290353,kcal/mol,1275.0,63962.04395256917,1.1250873052771309,1.0694801087271948,0.04820632483767428,0.4002418078565249,linuxpc-intel-slurm-parallel.peta4-cclake,224,1.840694968,64000.0,0.05,24_Benzene-Benzene_pi-pi,24,DMCdla5,Jopt,60
158,-47249.7147212896,0.0330112237500215,kcal/mol,3045.0,63971.95383824605,0.5569237286276768,1.0639875500352252,0.029440981441966853,0.4192845685246913,linuxpc-intel-slurm-parallel.peta4,320,1.324390602,64000.0,0.03,24_Benzene-Benzene_pi-pi,24,DMCdla5,Jopt,60
159,-47250.0512270016,0.0564877334954196,kcal/mol,1010.0,63993.43134,0.8174246038478086,1.0511734913851873,0.019782223720096186,0.43346069205809584,linuxpc-intel-slurm-parallel.peta4-icelake-zen,304,0.9589802339999999,64000.0,0.02,24_Benzene-Benzene_pi-pi,24,DMCdla5,Jopt,60
160,-47250.4915557158,0.0385319207008177,kcal/mol,1965.0,63992.84768797954,0.4242421994130838,1.0810651178789144,0.00995751614041841,0.4126732246827722,linuxpc-intel-slurm-parallel.peta4,320,1.37580156,64000.0,0.01,24_Benzene-Benzene_pi-pi,24,DMCdla5,Jopt,60
161,-47251.000298866,0.059570246800057,kcal/mol,937.5,63986.7275929436,0.3416803588134795,1.098348231945357,0.0029976005417423784,0.41805164406376744,linuxpc-intel-slurm-parallel.peta4,640,0.7127111964705884,64000.0,0.003,24_Benzene-Benzene_pi-pi,24,DMCdla5,Jopt,60
162,-51816.229208066,0.0533846760475108,kcal/mol,1050.0,63983.08990384615,1.772656014816971,1.253157255835756,0.09094283241336862,0.4020967503182785,linuxpc-intel-slurm-parallel.peta4-skylake-zen,96,5.18129203,64000.0,0.1,25_Pyridine-Pyridine_pi-pi,25,DMCdla,Jopt,60
163,-51813.9479322785,0.0498852777342311,kcal/mol,1005.0,63992.82217085427,0.588337061654092,1.2765624724215336,0.009951730684753439,0.35174323902292715,linuxpc-intel-slurm-parallel.peta4-knl,2560,1.2445590239999995,64000.0,0.01,25_Pyridine-Pyridine_pi-pi,25,DMCdla,Jopt,60
164,-51816.6089007177,0.0551518809244452,kcal/mol,1050.0,63895.95221153846,1.7269632892997873,1.1854607266956805,0.09094316196146575,0.3875539989061971,linuxpc-intel-slurm-parallel.peta4,320,1.86049657,64000.0,0.1,25_Pyridine-Pyridine_pi-pi,25,DMCdla5,Jopt,60
165,-51813.9893668761,0.0509785457212515,kcal/mol,1230.0,63926.59755077952,1.2502303047923233,1.2421325124576814,0.05701763555585859,0.40392871888073717,linuxpc-intel-slurm-parallel.peta4-icelake-zen,152,2.317045825,64000.0,0.06,25_Pyridine-Pyridine_pi-pi,25,DMCdla5,Jopt,60
166,-51813.7730266494,0.0477701161236358,kcal/mol,1275.0,63934.050355731226,1.1218706119944448,1.218902966215732,0.04801121540718261,0.4056496126536572,linuxpc-intel-slurm-parallel.peta4-cclake,224,2.5687111240000005,64000.0,0.05,25_Pyridine-Pyridine_pi-pi,25,DMCdla5,Jopt,60
167,-51813.4301220749,0.0304596250908221,kcal/mol,3015.0,63968.12811732524,0.573423430545612,1.2262984191495707,0.029373912537495182,0.35921923026448216,linuxpc-intel-slurm-parallel.peta4,1280,0.5611453559999999,64000.0,0.03,25_Pyridine-Pyridine_pi-pi,25,DMCdla5,Jopt,60
168,-51813.5429776069,0.056038704260061,kcal/mol,1010.0,63968.51802,0.8251971597822199,1.2746542279012587,0.01975479705539563,0.4022614225346371,linuxpc-intel-slurm-parallel.peta4-icelake-zen,304,1.18517816,64000.0,0.02,25_Pyridine-Pyridine_pi-pi,25,DMCdla5,Jopt,60
169,-51814.0251767281,0.0593885825256568,kcal/mol,1005.0,64001.36988944723,0.609410779813465,1.2567936366065415,0.009951730610483659,0.38824657997705275,linuxpc-intel-slurm-parallel.peta4,1280,0.5717361360000001,64000.0,0.01,25_Pyridine-Pyridine_pi-pi,25,DMCdla5,Jopt,60
170,-51814.6243089438,0.0503600746719068,kcal/mol,1147.5,63992.75683737466,0.3171868005784303,1.2639428358925486,0.0029972493195178813,0.3720627174406432,linuxpc-intel-slurm-parallel.peta4-cclake,112,5.027715436363635,64000.0,0.003,25_Pyridine-Pyridine_pi-pi,25,DMCdla5,Jopt,60
171,-51808.6637011002,0.0556778672963709,kcal/mol,1050.0,63920.891634615386,1.7390322702157224,1.3435818882371342,0.09091474819455914,0.39748607851703116,linuxpc-intel-slurm-parallel.peta4-skylake-zen,96,10.272905860000002,64000.0,0.1,25_Pyridine-Pyridine_pi-pi,25,DMC,Jopt,60
172,-51802.0766616773,0.0954367318741379,kcal/mol,465.0,63979.13187392853,1.5400412460525545,1.3700746583676422,0.029371131260766896,0.37889328410211476,linuxpc-intel-slurm-parallel.peta4-knl,2560,2.271993386666667,64000.0,0.03,25_Pyridine-Pyridine_pi-pi,25,DMC,Jopt,60
173,-96638.7741047881,0.063990954428991,kcal/mol,1050.0,64008.69192307692,2.045261651006634,2.4816028212048926,0.087731739814381,0.3228417872664387,linuxpc-intel-slurm-parallel.peta4,320,1.9279662923076928,64000.0,0.1,26_Uracil-Uracil_pi-pi,26,DMCdla,Jopt,84
174,-96626.3397635849,0.0966811639027343,kcal/mol,855.0,63982.36398816568,0.8536011735040556,2.724031791067622,0.009926192937477053,0.33299757232851973,linuxpc-intel-slurm-parallel.peta4-knl,2560,1.4846254705882354,64000.0,0.01,26_Uracil-Uracil_pi-pi,26,DMCdla,Jopt,84
175,-96639.6300571964,0.0684052300252714,kcal/mol,1050.0,63852.900673076925,2.166530380016486,2.5219454465219786,0.08773187960641171,0.3470747032599795,linuxpc-intel-slurm-parallel.peta4,320,1.9665281399999996,64000.0,0.1,26_Uracil-Uracil_pi-pi,26,DMCdla5,Jopt,84
176,-96630.8915773622,0.0662085743056386,kcal/mol,1230.0,63910.68479811145,1.557281570803706,2.5318139978168954,0.055814825304768424,0.3160771247969245,linuxpc-intel-slurm-parallel.peta4-icelake-zen,152,2.880045545,64000.0,0.06,26_Uracil-Uracil_pi-pi,26,DMCdla5,Jopt,84
177,-96629.1001064636,0.0614881706650788,kcal/mol,1275.0,63935.72166007905,1.4286958651762824,2.599382121957514,0.04717718668872826,0.3369742555011283,linuxpc-intel-slurm-parallel.peta4-cclake,224,2.7405825919999995,64000.0,0.05,26_Uracil-Uracil_pi-pi,26,DMCdla5,Jopt,84
178,-96626.7619764635,0.0380376612417654,kcal/mol,3735.0,63960.06511444357,0.6673093742997747,2.6075485624743933,0.02908556680132041,0.29855147572953816,,,,,0.03,26_Uracil-Uracil_pi-pi,26,DMCdla5,Jopt,84
179,-96626.2726309498,0.0765301850340937,kcal/mol,1010.0,63976.87792,1.0235627419670985,2.6335354647092415,0.01963430350528838,0.30888729630217876,linuxpc-intel-slurm-parallel.peta4-icelake-zen,304,1.581837228,64000.0,0.02,26_Uracil-Uracil_pi-pi,26,DMCdla5,Jopt,84
180,-96626.4147088196,0.0487109555550913,kcal/mol,2635.0,63985.47719619048,0.4760389796717261,2.6668020876539837,0.009926192764414782,0.3347145494012398,,,,,0.01,26_Uracil-Uracil_pi-pi,26,DMCdla5,Jopt,84
181,-96627.2307082553,0.0605597209295699,kcal/mol,1351.5,63989.53330306866,0.3752994339578374,2.7681195327115398,0.002995679046872325,0.3294322999274304,linuxpc-intel-slurm-parallel.peta4,320,1.9159751766666673,64000.0,0.003,26_Uracil-Uracil_pi-pi,26,DMCdla5,Jopt,84
182,-49533.9852124433,0.0548470582288963,kcal/mol,1050.0,63913.27384615385,1.756669974254072,1.1167347940634087,0.09134172790300041,0.4579145551662605,linuxpc-intel-slurm-parallel.peta4,160,2.64414523,64000.0,0.1,27_Benzene-Pyridine_pi-pi,27,DMCdla5,Jopt,60
183,-49531.7938829062,0.0495464404052447,kcal/mol,1275.0,63949.919644268775,1.1691132497058303,1.140192584937557,0.04810945302138408,0.41528271124012095,linuxpc-intel-slurm-parallel.peta4-cclake,224,1.938157736,64000.0,0.05,27_Benzene-Pyridine_pi-pi,27,DMCdla5,Jopt,60
184,-49531.672826151,0.0240649927102654,kcal/mol,4515.0,63956.21909753206,0.4780569551676173,1.1669493937393638,0.029408001422786618,0.389831313186272,linuxpc-intel-slurm-parallel.peta4-cclake,112,3.8588555374999998,64000.0,0.03,27_Benzene-Pyridine_pi-pi,27,DMCdla5,Jopt,60
185,-49531.8373333553,0.0555001662845948,kcal/mol,1010.0,63959.02596,0.8513393793877652,1.1825961487529486,0.01976862181590356,0.39586622829159335,linuxpc-intel-slurm-parallel.peta4-icelake-zen,304,1.025013312,64000.0,0.02,27_Benzene-Pyridine_pi-pi,27,DMCdla5,Jopt,60
186,-49532.3627890316,0.0597640832912696,kcal/mol,915.0,63987.12150276243,0.6019657952839406,1.1725549936943904,0.009954670551431856,0.4229209078034643,linuxpc-intel-slurm-parallel.peta4,320,1.3879275032967036,64000.0,0.01,27_Benzene-Pyridine_pi-pi,27,DMCdla5,Jopt,60
187,-71945.2883135744,0.0757365442311373,kcal/mol,1050.0,63889.138557692306,1.9145342710282822,1.7749768584325691,0.08939527140681525,0.40200723010356576,linuxpc-intel-slurm-parallel.peta4,96,4.65219507,64000.0,0.1,28_Benzene-Uracil_pi-pi,28,DMCdla5,Jopt,72
188,-71939.0658237514,0.0552657357654429,kcal/mol,1275.0,63953.626363636366,1.3060395929076325,1.8205288464945324,0.04760593326455409,0.3410346978810376,linuxpc-intel-slurm-parallel.peta4-cclake,224,2.005826692,64000.0,0.05,28_Benzene-Uracil_pi-pi,28,DMCdla5,Jopt,72
189,-71937.7783343196,0.0674163170354915,kcal/mol,1065.0,63958.53116646761,1.1456851596826947,1.8581860122959823,0.02923372133982332,0.38321623626877666,linuxpc-intel-slurm-parallel.peta4,192,2.34132406,64000.0,0.03,28_Benzene-Uracil_pi-pi,28,DMCdla5,Jopt,72
190,-71937.7047000584,0.0634492885931307,kcal/mol,1010.0,63975.20934,0.9765645559316226,1.8385936984376408,0.01969596731120809,0.3185578939442956,linuxpc-intel-slurm-parallel.peta4-icelake-zen,304,1.224407936,64000.0,0.02,28_Benzene-Uracil_pi-pi,28,DMCdla5,Jopt,72
191,-71938.0796454617,0.0718766984838336,kcal/mol,1005.0,63994.49898492463,0.7263133120217397,1.959637455905777,0.009939259139308721,0.38635823451944584,linuxpc-intel-slurm-parallel.peta4,384,1.2077113310000003,64000.0,0.01,28_Benzene-Uracil_pi-pi,28,DMCdla5,Jopt,72
192,-71938.6780016525,0.0618397047360058,kcal/mol,1021.5,64005.61155039357,0.37809593843714756,1.9276339758067478,0.0029964803431702758,0.3642814694620702,linuxpc-intel-slurm-parallel.peta4,640,0.8693061571428569,64000.0,0.003,28_Benzene-Uracil_pi-pi,28,DMCdla5,Jopt,72
193,-74227.7581993212,0.0692727291571931,kcal/mol,1050.0,63907.893173076925,2.055578529930063,1.8847785211780708,0.08908012513633866,0.3826621994156036,linuxpc-intel-slurm-parallel.peta4,96,4.63224799,64000.0,0.1,29_Pyridine-Uracil_pi-pi,29,DMCdla5,Jopt,72
194,-74221.3908275188,0.0571229261856093,kcal/mol,1275.0,63960.42367588933,1.2853288007603505,1.9065913237456353,0.04752614977534377,0.36259772128943335,linuxpc-intel-slurm-parallel.peta4-cclake,224,1.9748730480000005,64000.0,0.05,29_Pyridine-Uracil_pi-pi,29,DMCdla5,Jopt,72
195,-74220.2025627826,0.0639505914801228,kcal/mol,1065.0,63968.819228800545,1.1272350301410472,1.884309459499503,0.029206380505052185,0.3496973332066611,linuxpc-intel-slurm-parallel.peta4,192,2.307028225714286,64000.0,0.03,29_Pyridine-Uracil_pi-pi,29,DMCdla5,Jopt,72
196,-74220.1122510207,0.0733425352073938,kcal/mol,1010.0,63979.9738,1.0004670945909928,1.9801647958269475,0.0196846801550119,0.36898106785509144,linuxpc-intel-slurm-parallel.peta4-icelake-zen,304,1.1270509979999999,64000.0,0.02,29_Pyridine-Uracil_pi-pi,29,DMCdla5,Jopt,72
197,-74220.4722840287,0.0662575366253817,kcal/mol,1005.0,63992.357396984924,0.6831040793270168,1.9681329366263403,0.009936885799487842,0.3428811509917792,linuxpc-intel-slurm-parallel.peta4,640,0.8072419910000004,64000.0,0.01,29_Pyridine-Uracil_pi-pi,29,DMCdla5,Jopt,72
198,-74221.0534594009,0.0605176853513953,kcal/mol,1201.5,63986.749671422025,0.34666597663090665,1.980177691238696,0.0029963359602330824,0.32074072142317206,linuxpc-intel-slurm-parallel.peta4-cclake,112,3.8809354249999997,64000.0,0.003,29_Pyridine-Uracil_pi-pi,29,DMCdla5,Jopt,72
199,-32235.7364395746,0.0424925668589774,kcal/mol,1050.0,63959.78615384615,1.4721726306685812,0.6905540243361307,0.091934307860888,0.4578216220412268,linuxpc-intel-slurm-parallel.peta4,64,3.3366948900000004,64000.0,0.1,30_Benzene-Ethene,30,DMCdla5,Jopt,42
200,-32234.8085131311,0.0363788410757685,kcal/mol,1275.0,63978.921739130434,1.0021382982557963,0.6689153272936169,0.048255890626888225,0.4328614930549537,linuxpc-intel-slurm-parallel.peta4-cclake,224,1.0244324999999999,64000.0,0.05,30_Benzene-Ethene,30,DMCdla5,Jopt,42
201,-32234.9799440926,0.0390237431686511,kcal/mol,1215.0,63986.537743365036,0.774522171013179,0.7020592564662684,0.02945736313988369,0.4105826988646386,linuxpc-intel-slurm-parallel.peta4,128,1.7036654124999997,64000.0,0.03,30_Benzene-Ethene,30,DMCdla5,Jopt,42
202,-32235.4785001842,0.0424498665562285,kcal/mol,1005.0,63993.91283417086,0.5157216848573567,0.7034702398108643,0.009958883377564986,0.44616483060107215,linuxpc-intel-slurm-parallel.peta4,256,0.8714507920000001,64000.0,0.01,30_Benzene-Ethene,30,DMCdla5,Jopt,42
203,-32235.8226122517,0.0346408941518156,kcal/mol,1201.5,64000.39919580226,0.25605985137173154,0.7162398150351227,0.0029976838867328314,0.4271980519344457,linuxpc-intel-slurm-parallel.peta4-icelake,228,0.6619905555555555,64000.0,0.003,30_Benzene-Ethene,30,DMCdla5,Jopt,42
204,-56929.7018697848,0.0536510836832243,kcal/mol,1050.0,63892.01644230769,1.7853726498806577,1.418144240799434,0.08879133729299285,0.35918378476121804,linuxpc-intel-slurm-parallel.peta4,64,4.224092289999999,64000.0,0.1,31_Uracil-Ethene,31,DMCdla5,Jopt,54
205,-56923.7041730052,0.046513445164015,kcal/mol,1275.0,63959.7795256917,1.1931039638886554,1.4316480445855835,0.047447861774506474,0.31140568874483643,linuxpc-intel-slurm-parallel.peta4-cclake,224,1.277905956,64000.0,0.05,31_Uracil-Ethene,31,DMCdla5,Jopt,54
206,-56922.4577062595,0.0563836427318667,kcal/mol,1215.0,63959.0674699995,0.9375940775265657,1.4933980664540218,0.029178658219697944,0.3141130497959346,linuxpc-intel-slurm-parallel.peta4,128,2.1284682950000002,64000.0,0.03,31_Uracil-Ethene,31,DMCdla5,Jopt,54
207,-56922.4228082368,0.0490903113034192,kcal/mol,1005.0,63984.77905527638,0.6047815665246549,1.4861000338086368,0.009934347314181476,0.2980115024535137,linuxpc-intel-slurm-parallel.peta4,256,1.090941637,64000.0,0.01,31_Uracil-Ethene,31,DMCdla5,Jopt,54
208,-56922.8823045237,0.0902737376805055,kcal/mol,337.5,63990.128529029185,0.6185976809571294,1.558096442222194,0.0029961784478651616,0.3563172437376783,,,,,0.003,31_Uracil-Ethene,31,DMCdla5,Jopt,54
209,-56142.0878085146,0.067096304938297,kcal/mol,1050.0,63885.43855769231,1.9445241612452837,1.4264728361827836,0.08859477693845855,0.41589921954800135,linuxpc-intel-slurm-parallel.peta4,64,3.93511337,64000.0,0.1,32_Uracil-Ethyne,32,DMCdla5,Jopt,52
210,-56136.5775645518,0.0517336536705893,kcal/mol,1275.0,63942.07837944664,1.2173096247138404,1.4433739202688824,0.04739738556319396,0.3335914316725782,linuxpc-intel-slurm-parallel.peta4-cclake,224,1.1800682200000001,64000.0,0.05,32_Uracil-Ethyne,32,DMCdla5,Jopt,52
211,-56135.3365370102,0.0499618221805917,kcal/mol,1215.0,63963.17345516108,0.9769864955952674,1.428246791555337,0.029161306479570156,0.32951221035305805,linuxpc-intel-slurm-parallel.peta4,128,1.9764968724999996,64000.0,0.03,32_Uracil-Ethyne,32,DMCdla5,Jopt,52
212,-56135.304048439,0.0580883916408062,kcal/mol,1005.0,63984.148381909545,0.6420472709454735,1.5287686285159172,0.009932816145557884,0.36273744885691644,linuxpc-intel-slurm-parallel.peta4,256,1.0038818470000002,64000.0,0.01,32_Uracil-Ethyne,32,DMCdla5,Jopt,52
213,-56135.9258944024,0.0993772925236954,kcal/mol,364.5,63994.955528663064,0.5640599534789891,1.5519658879623255,0.0029960823496004005,0.3174845037132688,,,,,0.003,32_Uracil-Ethyne,32,DMCdla5,Jopt,52
214,-34517.8834478035,0.0456808122669479,kcal/mol,1050.0,63946.27317307692,1.5736440668614575,0.7698178840356558,0.09138786329278618,0.43417878818513256,linuxpc-intel-slurm-parallel.peta4,64,3.17021133,64000.0,0.1,33_Pyridine-Ethene,33,DMCdla5,Jopt,42
215,-34516.6664440508,0.0406675628109389,kcal/mol,1275.0,63968.234743083005,1.032188552168948,0.7726060727137358,0.048117957836874344,0.43814784862476996,linuxpc-intel-slurm-parallel.peta4-cclake,224,0.9857245120000001,64000.0,0.05,33_Pyridine-Ethene,33,DMCdla5,Jopt,42
216,-34516.6487399371,0.0385399776114985,kcal/mol,1215.0,63996.00669720659,0.8114805824550773,0.7647139589105347,0.029410219310850794,0.40398649326142105,linuxpc-intel-slurm-parallel.peta4,128,1.5934365724999997,64000.0,0.03,33_Pyridine-Ethene,33,DMCdla5,Jopt,42
217,-34517.1790851105,0.0479375749139417,kcal/mol,1005.0,63989.80606030151,0.5387657148226782,0.7961679173931787,0.009954806108378983,0.43102762414175894,linuxpc-intel-slurm-parallel.peta4,256,0.8274372549999999,64000.0,0.01,33_Pyridine-Ethene,33,DMCdla5,Jopt,42
218,-34517.5382322658,0.0747957291397785,kcal/mol,457.5,64002.91835941166,0.4353164358418474,0.8071143320988164,0.0029974349231704648,0.46328198311028523,,,,,0.003,33_Pyridine-Ethene,33,DMCdla5,Jopt,42
219,-44696.6519478728,0.050794018641881,kcal/mol,1050.0,63974.34201923077,1.7317052917205442,0.9314306888731788,0.09233572879223867,0.4381733976607227,linuxpc-intel-slurm-parallel.peta4-knl,192,11.3610332,64000.0,0.1,34_Pentane-Pentane,34,DMCdla5,Jopt,64
220,-44695.4554933808,0.0442671227002123,kcal/mol,1275.0,63975.89288537549,1.1625360614771465,0.9627587406008294,0.048355764513104554,0.5081518532736901,linuxpc-intel-slurm-parallel.peta4-cclake,224,1.6541580840000003,64000.0,0.05,34_Pentane-Pentane,34,DMCdla5,Jopt,64
221,-44695.5786321849,0.039869267009663,kcal/mol,1215.0,63977.20009460738,0.8590380046762387,0.9361091910747764,0.029491119892474944,0.41994536824309203,linuxpc-intel-slurm-parallel.peta4,160,2.2614483175,64000.0,0.03,34_Pentane-Pentane,34,DMCdla5,Jopt,64
222,-44696.2858237105,0.0537934118547584,kcal/mol,1005.0,63975.336532663314,0.5517778413251294,0.9718489594862351,0.009961857973853228,0.4162117299758128,linuxpc-intel-slurm-parallel.peta4,160,2.2591774779999994,64000.0,0.01,34_Pentane-Pentane,34,DMCdla5,Jopt,64
223,-44696.781802487,0.0900665928524645,kcal/mol,256.5,64004.748107489715,0.6743612837741432,0.9520403772510279,0.0029978732684241716,0.4047464145018548,,,,,0.003,34_Pentane-Pentane,34,DMCdla5,Jopt,64
224,-44699.0334097069,0.0491654720707836,kcal/mol,1050.0,63983.60307692308,1.700400295658032,0.9218236073602741,0.09233550777270798,0.4733832224379686,linuxpc-intel-slurm-parallel.peta4,160,2.26252417,64000.0,0.1,35_Neopentane-Pentane,35,DMCdla5,Jopt,64
225,-44697.6193327258,0.0465232612452382,kcal/mol,1275.0,63982.1528458498,1.117838298384046,0.9428695246548394,0.04835561948000367,0.5070438560073562,linuxpc-intel-slurm-parallel.peta4-cclake,224,1.6555068600000002,64000.0,0.05,35_Neopentane-Pentane,35,DMCdla5,Jopt,64
226,-44697.9040245326,0.0527660855876734,kcal/mol,1215.0,63999.84526714136,0.9311988416906548,0.9854260639926522,0.029491075668529557,0.4668787158697789,linuxpc-intel-slurm-parallel.peta4,160,2.2563650975000002,64000.0,0.03,35_Neopentane-Pentane,35,DMCdla5,Jopt,64
227,-44698.4684413456,0.0576897003211103,kcal/mol,1005.0,63979.62349748744,0.5840352392111517,0.9602164505980615,0.009961853780262778,0.4611310083200366,linuxpc-intel-slurm-parallel.peta4,160,2.2746293119999996,64000.0,0.01,35_Neopentane-Pentane,35,DMCdla5,Jopt,64
228,-44698.9717441517,0.097057705885194,kcal/mol,259.5,63981.999362720344,0.6343541296968124,0.9637722375351006,0.0029978725791663806,0.44806601447055,,,,,0.003,35_Neopentane-Pentane,35,DMCdla5,Jopt,64
229,-44701.609994801,0.0523580568932735,kcal/mol,1050.0,63958.56721153846,1.6945533361336673,0.9121943085801025,0.0923410111545333,0.4812774480517008,linuxpc-intel-slurm-parallel.peta4,160,2.29242343,64000.0,0.1,36_Neopentane-Neopentane,36,DMCdla5,Jopt,64
230,-44700.3276453731,0.0494531176237485,kcal/mol,1275.0,63994.35628458498,1.100843576628007,0.930876656890129,0.04835679258746371,0.4809194433588377,linuxpc-intel-slurm-parallel.peta4-cclake,224,1.701128572,64000.0,0.05,36_Neopentane-Neopentane,36,DMCdla5,Jopt,64
231,-44700.360237215,0.0459983459694986,kcal/mol,1215.0,64000.11838370762,0.8762004308290426,0.9612095126519296,0.029491388086465696,0.4612978544321427,linuxpc-intel-slurm-parallel.peta4,160,2.3233652549999997,64000.0,0.03,36_Neopentane-Neopentane,36,DMCdla5,Jopt,64
232,-44701.055801913,0.0583455052828473,kcal/mol,1005.0,63998.911628140704,0.5903878139911629,0.9710767406201047,0.009961876799811416,0.4875588881330035,linuxpc-intel-slurm-parallel.peta4,160,2.2775714639999998,64000.0,0.01,36_Neopentane-Neopentane,36,DMCdla5,Jopt,64
233,-44701.5751948035,0.0969326994887949,kcal/mol,256.5,64033.788111871094,0.6646954110746697,1.006563351165239,0.0029978741338464285,0.4356368115059489,,,,,0.003,36_Neopentane-Neopentane,36,DMCdla5,Jopt,64
234,-43937.6839730645,0.052785642634923,kcal/mol,1050.0,63948.65346153846,1.6844782300903003,0.9501959607395097,0.0922558488614264,0.5307915225009987,linuxpc-intel-slurm-parallel.peta4,160,2.600786227272727,64000.0,0.1,37_Cyclopentane-Neopentane,37,DMCdla5,Jopt,62
235,-43936.6472415528,0.0490300262329623,kcal/mol,1275.0,63962.977470355734,1.0914303367688942,0.9661822476718728,0.04833662233132774,0.5246503065591951,linuxpc-intel-slurm-parallel.peta4-cclake,224,1.880675756,64000.0,0.05,37_Cyclopentane-Neopentane,37,DMCdla5,Jopt,62
236,-43936.8507333732,0.0539670513735714,kcal/mol,1215.0,63983.07523776328,0.8705003642947465,0.9785721649210475,0.029484826725357675,0.4500179110666034,linuxpc-intel-slurm-parallel.peta4,160,2.5965199375,64000.0,0.03,37_Cyclopentane-Neopentane,37,DMCdla5,Jopt,62
237,-43937.5517662815,0.0555888843104704,kcal/mol,1005.0,63978.69808040201,0.5619236224953069,0.9948702831217322,0.009961316619979182,0.5198756680040607,linuxpc-intel-slurm-parallel.peta4,160,2.602835638461539,64000.0,0.01,37_Cyclopentane-Neopentane,37,DMCdla5,Jopt,62
238,-43174.2373293832,0.0603741349695239,kcal/mol,1050.0,63962.00519230769,1.6953349862265636,0.9462602321213016,0.09216963734018586,0.5466115699642818,linuxpc-intel-slurm-parallel.peta4,160,1.9481451,64000.0,0.1,38_Cyclopentane-Cyclopentane,38,DMCdla5,Jopt,60
239,-43173.1675423543,0.0393774314604101,kcal/mol,1275.0,63985.80924901186,1.0798152425688274,0.9310945408004649,0.04831635363200932,0.4188080184624681,linuxpc-intel-slurm-parallel.peta4-cclake,224,1.3847640719999998,64000.0,0.05,38_Cyclopentane-Cyclopentane,38,DMCdla5,Jopt,60
240,-43173.4645695073,0.0449670245754476,kcal/mol,1215.0,63976.91699447294,0.9055848996846646,0.9291260191887211,0.029478103555946836,0.4424165935994491,linuxpc-intel-slurm-parallel.peta4,160,1.9415365325000002,64000.0,0.03,38_Cyclopentane-Cyclopentane,38,DMCdla5,Jopt,60
241,-43174.2313690196,0.0481652408416545,kcal/mol,1005.0,63979.158542713565,0.5685791856051676,0.9726568108222794,0.009960734678145889,0.43833216812944115,linuxpc-intel-slurm-parallel.peta4,160,1.9473717463414628,64000.0,0.01,38_Cyclopentane-Cyclopentane,38,DMCdla5,Jopt,60
242,-45213.2886307623,0.0516738471307635,kcal/mol,1050.0,63958.43461538461,1.7412597836464219,0.9576961539631498,0.09194291729857113,0.4889355036928709,linuxpc-intel-slurm-parallel.peta4,160,2.0697812727272726,64000.0,0.1,39_Benzene-Cyclopentane,39,DMCdla5,Jopt,60
243,-45212.1027796269,0.0502456492023844,kcal/mol,1275.0,63980.967826086955,1.0647284739455305,1.0022823840010695,0.048260230778335085,0.47889361685682136,linuxpc-intel-slurm-parallel.peta4-cclake,224,1.4680685279999999,64000.0,0.05,39_Benzene-Cyclopentane,39,DMCdla5,Jopt,60
244,-45212.304027304,0.0537687048123591,kcal/mol,1215.0,63981.600756859036,0.8999671805109165,1.0246368699589208,0.029459221226249093,0.4735899732741577,linuxpc-intel-slurm-parallel.peta4,160,2.0618946774999998,64000.0,0.03,39_Benzene-Cyclopentane,39,DMCdla5,Jopt,60
245,-45213.0005613547,0.0569734102564573,kcal/mol,1005.0,63982.848783919595,0.5767918495351514,1.004243010300494,0.009959107948968232,0.4353607734289865,linuxpc-intel-slurm-parallel.peta4,160,2.091836915555556,64000.0,0.01,39_Benzene-Cyclopentane,39,DMCdla5,Jopt,60
246,-45976.9665609747,0.054820366572638,kcal/mol,1050.0,63964.10740384615,1.648887576816602,0.9455702307207279,0.09204216409302404,0.4410208210158447,linuxpc-intel-slurm-parallel.peta4,160,2.2128108,64000.0,0.1,40_Benzene-Neopentane,40,DMCdla5,Jopt,62
247,-45975.5729693763,0.0487650619697001,kcal/mol,1275.0,63985.49490118577,1.1018743479296622,0.9911456923336152,0.04828351961195525,0.4797373161162408,linuxpc-intel-slurm-parallel.peta4-cclake,224,1.5647533640000002,64000.0,0.05,40_Benzene-Neopentane,40,DMCdla5,Jopt,62
248,-45975.6518777079,0.0462110330838359,kcal/mol,1215.0,63989.35251207489,0.9051587495929688,0.9738949718846466,0.0294668623203034,0.4582843465228775,linuxpc-intel-slurm-parallel.peta4,160,2.24876527,64000.0,0.03,40_Benzene-Neopentane,40,DMCdla5,Jopt,62
249,-45976.4820782343,0.0505615619317767,kcal/mol,1005.0,64003.219025125625,0.5715850424995849,1.0030654730070583,0.009959755960841426,0.4291800976922766,linuxpc-intel-slurm-parallel.peta4,160,2.204892883333333,64000.0,0.01,40_Benzene-Neopentane,40,DMCdla5,Jopt,62
250,-70667.7337042462,0.0755203282879005,kcal/mol,1050.0,63894.27317307692,1.9276062523004676,1.7762925701224928,0.08973360737685471,0.39007815654260874,linuxpc-intel-slurm-parallel.peta4,160,3.0404399636363637,64000.0,0.1,41_Uracil-Pentane,41,DMCdla5,Jopt,74
251,-70661.0386589073,0.0531484798166361,kcal/mol,1275.0,63938.80343873518,1.2889825384318632,1.8065060722125852,0.04768943790102151,0.34595702645712134,linuxpc-intel-slurm-parallel.peta4-cclake,224,2.147529364,64000.0,0.05,41_Uracil-Pentane,41,DMCdla5,Jopt,74
252,-70659.7494750376,0.0563159295865606,kcal/mol,1215.0,63966.58317980381,1.0336669214396137,1.8016867914376755,0.029261825960460723,0.37451309119656806,linuxpc-intel-slurm-parallel.peta4,160,3.123899033333333,64000.0,0.03,41_Uracil-Pentane,41,DMCdla5,Jopt,74
253,-70659.7815881363,0.0709539390544656,kcal/mol,1005.0,63991.05016080402,0.6703875046317164,1.8788249226127025,0.009941691791122394,0.39250806075301925,linuxpc-intel-slurm-parallel.peta4,160,3.076705448,64000.0,0.01,41_Uracil-Pentane,41,DMCdla5,Jopt,74
254,-70660.2911707039,0.0559189960031223,kcal/mol,1021.5,63986.21765836413,0.35914845232404363,1.8638391596441524,0.002996632301917363,0.32140775537147676,linuxpc-intel-slurm-parallel.peta4,640,0.9169329546666667,64000.0,0.003,41_Uracil-Pentane,41,DMCdla5,Jopt,74
255,-69905.8213930612,0.052768195996678,kcal/mol,1050.0,63898.84394230769,1.9746234725346679,1.6559750953771213,0.08958827703530561,0.3436269186553795,linuxpc-intel-slurm-parallel.peta4,160,2.83380559,64000.0,0.1,42_Uracil-Cyclopentane,42,DMCdla5,Jopt,72
256,-69899.4494668446,0.0526260417558213,kcal/mol,1275.0,63949.77343873518,1.2655892243833362,1.7796551718627027,0.04765387596932665,0.35276813533875584,linuxpc-intel-slurm-parallel.peta4-cclake,224,1.9888592080000003,64000.0,0.05,42_Uracil-Cyclopentane,42,DMCdla5,Jopt,72
257,-69898.0991743473,0.0615062428791254,kcal/mol,1215.0,63968.631081013795,1.0387415450501347,1.8515901244234252,0.029249877403697288,0.37824532755701984,linuxpc-intel-slurm-parallel.peta4,160,2.80597494,64000.0,0.03,42_Uracil-Cyclopentane,42,DMCdla5,Jopt,72
258,-69898.1854153112,0.0589122139856274,kcal/mol,1005.0,63975.601065326635,0.676554713300472,1.8194616527404168,0.009940661918954034,0.36945307287413104,linuxpc-intel-slurm-parallel.peta4,160,2.8058265421052626,64000.0,0.01,42_Uracil-Cyclopentane,42,DMCdla5,Jopt,72
259,-69898.87710951,0.0585451991436904,kcal/mol,1201.5,64013.0675032606,0.3487108224584705,1.8302067256698462,0.002996568671762113,0.3548125920267797,linuxpc-intel-slurm-parallel.peta4-icelake,228,1.2979888499999999,64000.0,0.003,42_Uracil-Cyclopentane,42,DMCdla5,Jopt,72
260,-70669.0829838475,0.0675513927705271,kcal/mol,1050.0,63906.77375,1.9493834549860134,1.7874559514279562,0.08973372862421428,0.41122839223111796,linuxpc-intel-slurm-parallel.peta4,160,3.1146513500000004,64000.0,0.1,43_Uracil-Neopentane,43,DMCdla5,Jopt,74
261,-70662.987369501,0.0572936937223541,kcal/mol,1275.0,63951.00490118577,1.2874939308376445,1.8168332400319243,0.04768948880496535,0.41456317180900726,linuxpc-intel-slurm-parallel.peta4-cclake,224,2.181841248,64000.0,0.05,43_Uracil-Neopentane,43,DMCdla5,Jopt,74
262,-70661.7327824783,0.0602231859228473,kcal/mol,1215.0,63971.82816312304,1.0529302226808084,1.7853857563894737,0.02926184019309063,0.35930803224882935,,,,,0.03,43_Uracil-Neopentane,43,DMCdla5,Jopt,74
263,-70662.0559873405,0.0661420000909048,kcal/mol,1005.0,63990.95337688442,0.6890290055020639,1.8411970058007454,0.009941692401222089,0.38695062343837905,,,,,0.01,43_Uracil-Neopentane,43,DMCdla5,Jopt,74
264,-70662.586827004,0.0597281818869021,kcal/mol,1201.5,64012.54685446388,0.3478881999677121,1.8866357806904877,0.0029966323198492733,0.34533866523413154,linuxpc-intel-slurm-parallel.peta4-icelake,228,1.3870801526315795,64000.0,0.003,43_Uracil-Neopentane,43,DMCdla5,Jopt,74
265,-30958.5538175118,0.0428549743888884,kcal/mol,1050.0,63971.73759615385,1.4643840999287354,0.6273530927469609,0.0923636664610784,0.4464853381461893,linuxpc-intel-slurm-parallel.peta4,160,1.3225036000000001,64000.0,0.1,44_Ethene-Pentane,44,DMCdla5,Jopt,44
266,-30957.8282929876,0.0398112191640401,kcal/mol,1275.0,63977.48664031621,0.9704392490551315,0.6460732198324286,0.04836126206826481,0.46776192379180287,linuxpc-intel-slurm-parallel.peta4-cclake,224,0.9866435560000004,64000.0,0.05,44_Ethene-Pentane,44,DMCdla5,Jopt,44
267,-30958.0260049286,0.0431158710315262,kcal/mol,1215.0,63990.985510132945,0.7887157860611815,0.66610731568158,0.02949271222890115,0.479743069412204,linuxpc-intel-slurm-parallel.peta4,160,1.3168971574999997,64000.0,0.03,44_Ethene-Pentane,44,DMCdla5,Jopt,44
268,-30958.4835838817,0.048912664269529,kcal/mol,865.0,64002.997450292394,0.5796086917974624,0.6488908870083361,0.009961948575330113,0.4475204967867725,,,,,0.01,44_Ethene-Pentane,44,DMCdla5,Jopt,44
269,-30170.9675793174,0.0415140393946919,kcal/mol,1050.0,63961.66673076923,1.4889651424805708,0.6181371790448779,0.09228515066361738,0.4951471674921198,linuxpc-intel-slurm-parallel.peta4,160,1.2795636,64000.0,0.1,45_Ethyne-Pentane,45,DMCdla5,Jopt,42
270,-30170.2858459492,0.0329813975998272,kcal/mol,1275.0,63983.33837944664,0.946209338161963,0.6356118996602617,0.04834120836836529,0.4062717634624323,linuxpc-intel-slurm-parallel.peta4-cclake,224,0.9440126800000003,64000.0,0.05,45_Ethyne-Pentane,45,DMCdla5,Jopt,42
271,-30170.4290074784,0.0388984864879965,kcal/mol,1215.0,63987.30540755863,0.7860407756756882,0.6324808696105207,0.029485809384681812,0.4801130314837156,linuxpc-intel-slurm-parallel.peta4,160,1.2749594724999997,64000.0,0.03,45_Ethyne-Pentane,45,DMCdla5,Jopt,42
272,-30170.8983919077,0.0395281223985626,kcal/mol,1005.0,63978.76365829146,0.5089377529394747,0.631280743135873,0.009961331792325194,0.4007532067407788,linuxpc-intel-slurm-parallel.peta4,160,1.27304952,64000.0,0.01,45_Ethyne-Pentane,45,DMCdla5,Jopt,42
273,-51958.7503691547,0.0488479737383457,kcal/mol,1050.0,63939.05509615385,1.6934261913160358,1.206055683075682,0.09090043865933296,0.3751915046745944,linuxpc-intel-slurm-parallel.peta4,160,2.14675224,64000.0,0.1,46_Peptide-Pentane,46,DMCdla5,Jopt,62
274,-51954.7291756849,0.0479713354289216,kcal/mol,1275.0,63966.20035573123,1.123319661686307,1.256041413884741,0.047986485643318935,0.4018725039541686,linuxpc-intel-slurm-parallel.peta4-cclake,224,1.5429567240000002,64000.0,0.05,46_Peptide-Pentane,46,DMCdla5,Jopt,62
275,-51954.1084248905,0.0461758879053433,kcal/mol,1215.0,63978.4014340487,0.9559660562017475,1.2593162173442618,0.029363703217786093,0.37802937974125794,linuxpc-intel-slurm-parallel.peta4,160,2.1570469925,64000.0,0.03,46_Peptide-Pentane,46,DMCdla5,Jopt,62
276,-51954.3862270532,0.0592101401784467,kcal/mol,1005.0,63999.02476381909,0.6201944179122337,1.289162297141531,0.009950624318032014,0.393150577528493,linuxpc-intel-slurm-parallel.peta4,160,2.1499702914893617,64000.0,0.01,46_Peptide-Pentane,46,DMCdla5,Jopt,62
277,-51954.6153886572,0.0516988878090043,kcal/mol,1201.5,64003.3531193506,0.31540933013247585,1.274881347578016,0.002997181843150698,0.3944219074180002,linuxpc-intel-slurm-parallel.peta4-icelake,228,0.9987756684210528,64000.0,0.003,46_Peptide-Pentane,46,DMCdla5,Jopt,62
278,-47287.8346882723,0.076009102473506,kcal/mol,1750.0,63518.98591549296,4.978645197551021,1.0066965327847401,0.33662837574976784,1.4038724997572165,linuxpc-intel-slurm-parallel.peta4,320,1.2693481666666666,64000.0,0.7,47_Benzene-Benzene_TS,47,DMCdla5,Jopt,60
279,-47251.5090453539,0.0491628895959373,kcal/mol,1050.0,63953.41317307692,1.6871771384351786,1.0313876587269926,0.09173698590132415,0.41136961148175744,linuxpc-intel-slurm-parallel.peta4,320,1.23013832,64000.0,0.1,47_Benzene-Benzene_TS,47,DMCdla5,Jopt,60
280,-47250.1829084529,0.0526381774463075,kcal/mol,1230.0,63970.484483352186,1.26009845092475,1.0232046267597152,0.0573040498676594,0.41304312119191056,linuxpc-intel-slurm-parallel.peta4-cclake,224,1.7206546000000003,64000.0,0.06,47_Benzene-Benzene_TS,47,DMCdla5,Jopt,60
281,-47250.0478722093,0.0492944657650039,kcal/mol,1275.0,63966.70778656127,1.1512532575396162,1.0426476312433888,0.04820845957418386,0.4069209128124701,linuxpc-intel-slurm-parallel.peta4-cclake,224,1.7233404959999996,64000.0,0.05,47_Benzene-Benzene_TS,47,DMCdla5,Jopt,60
282,-47250.0679309004,0.0258624862957775,kcal/mol,3915.0,63983.53098351336,0.5011861105172677,1.0559198736448197,0.02944164166945927,0.4212979535896387,linuxpc-intel-slurm-parallel.peta4,160,2.39143385,64000.0,0.03,47_Benzene-Benzene_TS,47,DMCdla5,Jopt,60
283,-47250.8157224555,0.0411470335239807,kcal/mol,1965.0,63984.15795907928,0.4061122598127915,1.0809166236646048,0.009957565270106496,0.45073851082951694,linuxpc-intel-slurm-parallel.peta4,320,0.9303933214285712,64000.0,0.01,47_Benzene-Benzene_TS,47,DMCdla5,Jopt,60
284,-47251.2463997011,0.0608642903433069,kcal/mol,901.5,63998.93144572394,0.33598329726523585,1.086509666161573,0.0029976032557475028,0.48629739811129336,,,,,0.003,47_Benzene-Benzene_TS,47,DMCdla5,Jopt,60
285,-51816.4801068234,0.0488284458858766,kcal/mol,1050.0,63889.04846153846,1.76671195281371,1.2050319406892918,0.09095205394731146,0.37517137695166747,linuxpc-intel-slurm-parallel.peta4,160,2.3910857900000004,64000.0,0.1,48_Pyridine-Pyridine_TS,48,DMCdla5,Jopt,60
286,-51813.7547973708,0.0470905225517927,kcal/mol,1275.0,63931.90173913044,1.1663936360157143,1.2155501404024747,0.048011324545257604,0.35822673461136434,linuxpc-intel-slurm-parallel.peta4-cclake,224,1.7037729520000002,64000.0,0.05,48_Pyridine-Pyridine_TS,48,DMCdla5,Jopt,60
287,-51813.4847149776,0.0528945251386942,kcal/mol,1065.0,63961.313939600754,0.9892600441306039,1.2569443459056897,0.029374507997888606,0.39366097948409673,linuxpc-intel-slurm-parallel.peta4,192,1.9774754714285718,64000.0,0.03,48_Pyridine-Pyridine_TS,48,DMCdla5,Jopt,60
288,-51813.950680253,0.0596392720501994,kcal/mol,1005.0,63991.775969849245,0.5810348498839472,1.2455090549732988,0.00995177272442432,0.3877738401687965,linuxpc-intel-slurm-parallel.peta4,640,0.6672070900000002,64000.0,0.01,48_Pyridine-Pyridine_TS,48,DMCdla5,Jopt,60
289,-49534.1741660886,0.0585666437671389,kcal/mol,1050.0,63923.71875,1.7410471892592985,1.1051732432209438,0.09134950665825303,0.43993878131012976,linuxpc-intel-slurm-parallel.peta4,64,5.778045789999999,64000.0,0.1,49_Benzene-Pyridine_TS,49,DMCdla5,Jopt,60
290,-49532.0060142009,0.0547343861787689,kcal/mol,1275.0,63941.31766798419,1.16632739910917,1.1736396033821175,0.04811106080544019,0.4462496077859567,linuxpc-intel-slurm-parallel.peta4-cclake,224,1.7252084720000003,64000.0,0.05,49_Benzene-Pyridine_TS,49,DMCdla5,Jopt,60
291,-49531.7810476032,0.0558207926725948,kcal/mol,1065.0,63952.95123130296,1.0276869138200553,1.1673953566409874,0.02940849011363375,0.4322625396265807,linuxpc-intel-slurm-parallel.peta4,192,1.9600484771428572,64000.0,0.03,49_Benzene-Pyridine_TS,49,DMCdla5,Jopt,60
292,-49532.4143761294,0.0541141985307842,kcal/mol,1005.0,63995.372,0.6110866449869078,1.1898191663533924,0.009954708237956142,0.39151408235433593,linuxpc-intel-slurm-parallel.peta4,640,0.6647740650000001,64000.0,0.01,49_Benzene-Pyridine_TS,49,DMCdla5,Jopt,60
293,-49533.0156550107,0.047843866348909,kcal/mol,1201.5,63990.56858089565,0.2963335788799222,1.1916129030022165,0.002997430114302292,0.3791212730542756,linuxpc-intel-slurm-parallel.peta4-knl,640,3.7400030655172416,64000.0,0.003,49_Benzene-Pyridine_TS,49,DMCdla5,Jopt,60
294,-31450.153378699,0.0476134252722614,kcal/mol,1050.0,63952.54394230769,1.4993347673298076,0.6799595214180478,0.09183597506603358,0.5138291417636337,linuxpc-intel-slurm-parallel.peta4,160,1.1955398100000003,64000.0,0.1,50_Benzene-Ethyne_CH-pi,50,DMCdla5,Jopt,40
295,-31449.2443204298,0.0429244000659975,kcal/mol,1275.0,63975.05849802372,0.98462183576409,0.6727991982760885,0.04823073128436821,0.4316373293230811,linuxpc-intel-slurm-parallel.peta4-cclake,224,0.8980622159999999,64000.0,0.05,50_Benzene-Ethyne_CH-pi,50,DMCdla5,Jopt,40
296,-31449.3046370847,0.0364495850234732,kcal/mol,1215.0,63983.01429069362,0.7776280767016774,0.6721767974183801,0.029448729470780765,0.4249442356493329,linuxpc-intel-slurm-parallel.peta4,160,1.2083741850000005,64000.0,0.03,50_Benzene-Ethyne_CH-pi,50,DMCdla5,Jopt,40
297,-31449.924135122,0.0419971636122385,kcal/mol,1005.0,63983.87713567839,0.5194976569660092,0.7058454551807389,0.009958111439257015,0.4570042306049142,linuxpc-intel-slurm-parallel.peta4,160,1.2396152000000003,64000.0,0.01,50_Benzene-Ethyne_CH-pi,50,DMCdla5,Jopt,40
298,-15647.8010508054,0.0288095448227316,kcal/mol,1050.0,63976.49538461539,1.1279482626731825,0.28451665131674475,0.09215901107072647,0.43516833833344304,linuxpc-intel-slurm-parallel.peta4,160,0.32628737999999996,64000.0,0.1,51_Ethyne-Ethyne_TS,51,DMCdla5,Jopt,20
299,-15647.2357982497,0.0266242564445076,kcal/mol,1275.0,63985.43529644269,0.7432700400326372,0.2928139610183629,0.04830286158909684,0.4173813012107891,linuxpc-intel-slurm-parallel.peta4-cclake,224,0.24567037999999988,64000.0,0.05,51_Ethyne-Ethyne_TS,51,DMCdla5,Jopt,20
300,-15647.31767663,0.0242475336277307,kcal/mol,1215.0,63978.73724045212,0.5807954760129547,0.2939077910191387,0.02947145642476334,0.38373943964260143,linuxpc-intel-slurm-parallel.peta4,160,0.32434340249999993,64000.0,0.03,51_Ethyne-Ethyne_TS,51,DMCdla5,Jopt,20
301,-15647.50922353,0.025572604958587,kcal/mol,1005.0,63996.99231155779,0.38033083114219524,0.2923222144241392,0.009959852768071705,0.34693004694531915,linuxpc-intel-slurm-parallel.peta4,160,0.32053096899999994,64000.0,0.01,51_Ethyne-Ethyne_TS,51,DMCdla5,Jopt,20
302,-52360.1875195512,0.0620733687475646,kcal/mol,1050.0,63923.06990384615,1.7326842744140851,1.3295977369524552,0.08973148244297792,0.39266910479703543,linuxpc-intel-slurm-parallel.peta4,160,1.5711996599999998,64000.0,0.1,52_Benzene-AcOH_OH-pi,52,DMCdla5,Jopt,54
303,-52355.5680600906,0.0516310577694781,kcal/mol,1275.0,63960.381343873516,1.2184779846710565,1.3349975597487331,0.047684696342604804,0.387884067352973,linuxpc-intel-slurm-parallel.peta4-cclake,224,1.1683090319999998,64000.0,0.05,52_Benzene-AcOH_OH-pi,52,DMCdla5,Jopt,54
304,-52354.7971420704,0.0489404286529027,kcal/mol,1215.0,63979.85662002689,0.9383121459896293,1.3323726055797736,0.029259438706275922,0.35494958123498044,linuxpc-intel-slurm-parallel.peta4,160,1.5725317649999997,64000.0,0.03,52_Benzene-AcOH_OH-pi,52,DMCdla5,Jopt,54
305,-52354.8284057159,0.0682332568619629,kcal/mol,1005.0,63989.28393969849,0.6209946635339478,1.4009750758276263,0.009941337644988257,0.3796356132032737,linuxpc-intel-slurm-parallel.peta4,160,1.5796779846153843,64000.0,0.01,52_Benzene-AcOH_OH-pi,52,DMCdla5,Jopt,54
306,-48923.0179067872,0.0500119286504964,kcal/mol,1050.0,63932.17865384615,1.688092133876744,1.132385730369554,0.09037530035407923,0.37745452477595787,linuxpc-intel-slurm-parallel.peta4,160,1.60552883,64000.0,0.1,53_Benzene-AcNH2_NH-pi,53,DMCdla5,Jopt,54
307,-48919.3725960404,0.0460732180269361,kcal/mol,1275.0,63961.47833992095,1.1233799410589052,1.1828429580220161,0.047854865508251875,0.3771642053173724,linuxpc-intel-slurm-parallel.peta4-cclake,224,1.174772264,64000.0,0.05,53_Benzene-AcNH2_NH-pi,53,DMCdla5,Jopt,54
308,-48918.7441332116,0.0462312058929233,kcal/mol,1215.0,63990.51787581536,0.8998340504955692,1.167254461194569,0.029318957956246085,0.3381014191654741,linuxpc-intel-slurm-parallel.peta4,160,1.5970281624999996,64000.0,0.03,53_Benzene-AcNH2_NH-pi,53,DMCdla5,Jopt,54
309,-48918.9721395515,0.0422176690315384,kcal/mol,1005.0,63988.13683417085,0.5518693317893235,1.181266740968353,0.009946711419744103,0.33064993721652164,linuxpc-intel-slurm-parallel.peta4,320,0.8241243739999998,64000.0,0.01,53_Benzene-AcNH2_NH-pi,53,DMCdla5,Jopt,54
310,-34429.812560682,0.0433528011759337,kcal/mol,1050.0,63946.682211538464,1.480280905736073,0.7686029779191011,0.09043230454120346,0.3898251810170612,linuxpc-intel-slurm-parallel.peta4,160,0.96391286,64000.0,0.1,54_Benzene-Water_OH-pi,54,DMCdla5,Jopt,38
311,-34426.9287366876,0.0393889243436638,kcal/mol,1275.0,63980.40438735178,0.9996909254404202,0.7824755016017386,0.04786471256100398,0.35382001572679206,linuxpc-intel-slurm-parallel.peta4-cclake,224,0.7262644480000002,64000.0,0.05,54_Benzene-Water_OH-pi,54,DMCdla5,Jopt,38
312,-34426.4964145955,0.0397275425761145,kcal/mol,1215.0,63983.164318079966,0.8078068460886603,0.7990472023492743,0.029321448296642197,0.3448286642807022,linuxpc-intel-slurm-parallel.peta4,160,0.9646267174999997,64000.0,0.03,54_Benzene-Water_OH-pi,54,DMCdla5,Jopt,38
313,-34426.5809284419,0.0452415014079579,kcal/mol,1005.0,64002.39347738693,0.506134021071744,0.7978484990361963,0.0099467781024926,0.3273102366592983,linuxpc-intel-slurm-parallel.peta4,160,0.9602177759999997,64000.0,0.01,54_Benzene-Water_OH-pi,54,DMCdla5,Jopt,38
314,-38734.6843557086,0.0481898350804967,kcal/mol,1050.0,63927.54211538462,1.594570487738008,0.9289238142073459,0.09066282279323963,0.42740505225911235,linuxpc-intel-slurm-parallel.peta4,160,1.1476560800000002,64000.0,0.1,55_Benzene-MeOH_OH-pi,55,DMCdla5,Jopt,44
315,-38731.8819429063,0.040916289818163,kcal/mol,1275.0,63961.94434782609,1.0933545925926382,0.9136154558147435,0.047925524461412905,0.37663317677480124,linuxpc-intel-slurm-parallel.peta4-cclake,224,0.867041628,64000.0,0.05,55_Benzene-MeOH_OH-pi,55,DMCdla5,Jopt,44
316,-38731.4833933833,0.0392908778579149,kcal/mol,1215.0,63973.18523129015,0.8304128976909321,0.9135971197128001,0.029342644306173633,0.3381977125029529,linuxpc-intel-slurm-parallel.peta4,160,1.1366622775,64000.0,0.03,55_Benzene-MeOH_OH-pi,55,DMCdla5,Jopt,44
317,-38731.6815499597,0.0473091842376767,kcal/mol,1005.0,63981.273085427136,0.5506647268071297,0.939035230230194,0.009948695320601901,0.3442376615588723,linuxpc-intel-slurm-parallel.peta4,160,1.1380445870000002,64000.0,0.01,55_Benzene-MeOH_OH-pi,55,DMCdla5,Jopt,44
318,-35299.1757620126,0.0477011920816885,kcal/mol,1050.0,63967.044038461536,1.4772448356642147,0.7864060678317597,0.091484327533785,0.4233488364923925,linuxpc-intel-slurm-parallel.peta4,160,1.18616622,64000.0,0.1,56_Benzene-MeNH2_NH-pi,56,DMCdla5,Jopt,44
319,-35297.8292307847,0.0412398822349343,kcal/mol,1275.0,63975.38490118577,1.0311488544301288,0.78989376810148,0.04814131889804626,0.4120654772685347,linuxpc-intel-slurm-parallel.peta4-cclake,224,0.886681184,64000.0,0.05,56_Benzene-MeNH2_NH-pi,56,DMCdla5,Jopt,44
320,-35297.8109311296,0.0419357943291092,kcal/mol,1215.0,63984.46056366081,0.8047012893199554,0.7969268082007822,0.029417987121698668,0.41020663345092007,linuxpc-intel-slurm-parallel.peta4,160,1.1872881000000002,64000.0,0.03,56_Benzene-MeNH2_NH-pi,56,DMCdla5,Jopt,44
321,-35298.4124095939,0.0457548152535474,kcal/mol,1135.0,63996.34001777778,0.5001884981849788,0.8161879981220315,0.009955471323137552,0.40152482830267505,linuxpc-intel-slurm-parallel.peta4,640,0.3806404479999999,64000.0,0.01,56_Benzene-MeNH2_NH-pi,56,DMCdla5,Jopt,44
322,-53237.2060691492,0.0561483571264933,kcal/mol,1050.0,63932.55432692308,1.794353307673341,1.2412396568295925,0.09054159229335676,0.4014773402199661,linuxpc-intel-slurm-parallel.peta4,160,1.9669736899999999,64000.0,0.1,57_Benzene-Peptide_NH-pi,57,DMCdla5,Jopt,60
323,-53233.3893488101,0.045891062493169,kcal/mol,1275.0,63953.61683794466,1.1503021864538754,1.2974674286764027,0.04789816122544277,0.37778312232361344,linuxpc-intel-slurm-parallel.peta4-cclake,224,1.4107601079999996,64000.0,0.05,57_Benzene-Peptide_NH-pi,57,DMCdla5,Jopt,60
324,-53232.8782353171,0.0529659246533548,kcal/mol,1215.0,63979.27373898322,0.9344466012657123,1.290878205750408,0.029333998472032368,0.38483961785409015,linuxpc-intel-slurm-parallel.peta4,160,1.9596755174999998,64000.0,0.03,57_Benzene-Peptide_NH-pi,57,DMCdla5,Jopt,60
325,-53233.242263507,0.0523346380721515,kcal/mol,1005.0,63996.03649246231,0.6098971009698874,1.3119982598287836,0.00994804670725897,0.3677617354773986,linuxpc-intel-slurm-parallel.peta4,160,1.9565631476190473,64000.0,0.01,57_Benzene-Peptide_NH-pi,57,DMCdla5,Jopt,60
326,-51816.7804436079,0.0465249499701156,kcal/mol,1050.0,63947.76086538462,1.705650900034858,1.1382509506494818,0.09094611309325817,0.3989562959245081,linuxpc-intel-slurm-parallel.peta4,160,1.9539237800000002,64000.0,0.1,58_Pyridine-Pyridine_CH-N,58,DMCdla5,Jopt,60
327,-51814.4286113425,0.0471499058305122,kcal/mol,1275.0,63967.526758893284,1.1639938090776585,1.1512178543549356,0.04800952852056549,0.35683446978128586,linuxpc-intel-slurm-parallel.peta4-cclake,224,1.3944585800000004,64000.0,0.05,58_Pyridine-Pyridine_CH-N,58,DMCdla5,Jopt,60
328,-51814.1828021921,0.0489371618334543,kcal/mol,1215.0,63978.01780112533,0.8941864698711997,1.1924660045165614,0.029373824552045413,0.3582316013001528,linuxpc-intel-slurm-parallel.peta4,160,1.9432790275,64000.0,0.03,58_Pyridine-Pyridine_CH-N,58,DMCdla5,Jopt,60
329,-51814.9018700772,0.0529805607453866,kcal/mol,1005.0,63983.63128643216,0.5990044400144284,1.2235283991852466,0.009951705791736997,0.39080396384946786,linuxpc-intel-slurm-parallel.peta4,160,1.9626209682926823,64000.0,0.01,58_Pyridine-Pyridine_CH-N,58,DMCdla5,Jopt,60
330,-18628.3136487226,0.0353543889766497,kcal/mol,1050.0,63917.998557692306,1.2196837316566687,0.4106136838781215,0.08926735572603312,0.34606299357545506,linuxpc-intel-slurm-parallel.peta4,160,0.28176158999999995,64000.0,0.1,59_Ethyne-Water_CH-O,59,DMCdla5,Jopt,18
331,-18626.016922459,0.0242383989941604,kcal/mol,1275.0,63966.60822134387,0.7796730206127737,0.42654805494071185,0.047550448738286726,0.2992181304048427,linuxpc-intel-slurm-parallel.peta4-cclake,224,0.21009582000000002,64000.0,0.05,59_Ethyne-Water_CH-O,59,DMCdla5,Jopt,18
332,-18625.4851181937,0.0260409667520108,kcal/mol,1215.0,63978.69753024946,0.6487878558857002,0.42331385450316983,0.02921020532161649,0.26934301493034274,linuxpc-intel-slurm-parallel.peta4,160,0.277772105,64000.0,0.03,59_Ethyne-Water_CH-O,59,DMCdla5,Jopt,18
333,-18625.3937903438,0.0256492685599183,kcal/mol,1005.0,63981.97753768844,0.4129563717980821,0.4315096358956682,0.009936628613417646,0.23147114886338993,linuxpc-intel-slurm-parallel.peta4,160,0.27507238,64000.0,0.01,59_Ethyne-Water_CH-O,59,DMCdla5,Jopt,18
334,-36559.3844356585,0.04877588736332,kcal/mol,1050.0,63897.88298076923,1.5461781939471946,0.9264233683969643,0.0886883728935389,0.3737615379889277,linuxpc-intel-slurm-parallel.peta4,160,0.7306379100000001,64000.0,0.1,60_Ethyne-AcOH_OH-pi,60,DMCdla5,Jopt,34
335,-36555.190744214,0.0394468018697419,kcal/mol,1275.0,63946.07083003953,1.0355818751304802,0.9163054479784049,0.047409491507106584,0.32045596337528326,linuxpc-intel-slurm-parallel.peta4-cclake,224,0.5537255199999999,64000.0,0.05,60_Ethyne-AcOH_OH-pi,60,DMCdla5,Jopt,34
336,-36554.2624067147,0.0449409822025099,kcal/mol,1215.0,63983.913832594735,0.844874702921522,0.9638765016501638,0.029163041794806308,0.3390071996953869,linuxpc-intel-slurm-parallel.peta4,160,0.7320124775,64000.0,0.03,60_Ethyne-AcOH_OH-pi,60,DMCdla5,Jopt,34
337,-36554.1906803613,0.0448554476623035,kcal/mol,1005.0,63995.339899497485,0.5498224251209072,0.9501396562951884,0.009932682817181767,0.30685827717621106,linuxpc-intel-slurm-parallel.peta4,160,0.727650503,64000.0,0.01,60_Ethyne-AcOH_OH-pi,60,DMCdla5,Jopt,34
338,-51081.6642483822,0.0544500103110827,kcal/mol,1050.0,63895.14326923077,1.8066512499687906,1.2697703018676234,0.09015644393812457,0.44272034894761136,linuxpc-intel-slurm-parallel.peta4,160,1.63583239,64000.0,0.1,61_Pentane-AcOH,61,DMCdla5,Jopt,56
339,-51076.4787290735,0.0467607195354095,kcal/mol,1275.0,63950.82288537549,1.1679908707345696,1.2910312376033737,0.047790255431468746,0.3861917449398752,linuxpc-intel-slurm-parallel.peta4-cclake,224,1.206081132,64000.0,0.05,61_Pentane-AcOH,61,DMCdla5,Jopt,56
340,-51075.3176431893,0.0505520192089343,kcal/mol,1215.0,63993.008290594036,0.929005704398447,1.2897363600496483,0.029295122778813243,0.34362532945965873,linuxpc-intel-slurm-parallel.peta4,160,1.6526241525,64000.0,0.03,61_Pentane-AcOH,61,DMCdla5,Jopt,56
341,-51075.2233385923,0.0526266288375246,kcal/mol,1005.0,63974.252753768844,0.6011708263953606,1.3021258031508551,0.009944443260177661,0.329128481575101,linuxpc-intel-slurm-parallel.peta4,160,1.642749973333333,64000.0,0.01,61_Pentane-AcOH,61,DMCdla5,Jopt,56
342,-51075.7638309546,0.0536886554425378,kcal/mol,1201.5,64004.25330718138,0.30742099670350764,1.3221714590328335,0.002996798535621119,0.36925193364793013,linuxpc-intel-slurm-parallel.peta4-cclake,224,1.2146151214285714,64000.0,0.003,61_Pentane-AcOH,61,DMCdla5,Jopt,56
343,-47644.6993207996,0.058368221934743,kcal/mol,1050.0,63926.69682692308,1.724965516007945,1.1472264607179727,0.09077667589115354,0.43515611869847587,linuxpc-intel-slurm-parallel.peta4,160,1.69669876,64000.0,0.1,62_Pentane-AcNH2,62,DMCdla5,Jopt,56
344,-47640.7329268535,0.0469333510292566,kcal/mol,1275.0,63965.80826086956,1.0936268076377513,1.1350000899227892,0.047953872915018125,0.4067645280394101,linuxpc-intel-slurm-parallel.peta4-cclake,224,1.232241896,64000.0,0.05,62_Pentane-AcNH2,62,DMCdla5,Jopt,56
345,-47640.0820282738,0.0460771246031988,kcal/mol,1215.0,63972.87758303042,0.8989445746707436,1.1216472330746878,0.029352366723123156,0.352639779655708,linuxpc-intel-slurm-parallel.peta4,160,1.6945280525000002,64000.0,0.03,62_Pentane-AcNH2,62,DMCdla5,Jopt,56
346,-47640.2439406811,0.0499982732935304,kcal/mol,1005.0,63977.0864321608,0.5824527267747763,1.1637593115412175,0.009949609845357605,0.3702851442666764,linuxpc-intel-slurm-parallel.peta4,160,1.682877175,64000.0,0.01,62_Pentane-AcNH2,62,DMCdla5,Jopt,56
347,-47640.5985117618,0.0510130008876653,kcal/mol,1201.5,63987.81274076834,0.29574577954758785,1.1708679528057537,0.002997118713855177,0.3570519316800252,linuxpc-intel-slurm-parallel.peta4-knl,640,2.9967862333333333,64000.0,0.003,62_Pentane-AcNH2,62,DMCdla5,Jopt,56
348,-52359.1819067706,0.0516159679783624,kcal/mol,1050.0,63881.32201923077,1.7033742400525729,1.2912386311855786,0.08973164042805516,0.35765883281474864,linuxpc-intel-slurm-parallel.peta4-knl,320,5.79598608,64000.0,0.1,63_Benzene-AcOH,63,DMCdla5,Jopt,54
349,-52354.5094842597,0.0469004730309185,kcal/mol,1275.0,63961.72292490119,1.1584742958461889,1.2903554042675427,0.04768499766744212,0.3310416406224053,linuxpc-intel-slurm-parallel.peta4-cclake,224,1.288791348,64000.0,0.05,63_Benzene-AcOH,63,DMCdla5,Jopt,54
350,-52353.6933105083,0.0515184918291717,kcal/mol,1215.0,63972.77767265847,0.959096980931108,1.3620458716951,0.02925950745508093,0.35472718656485114,linuxpc-intel-slurm-parallel.peta4-knl,320,5.72478005,64000.0,0.03,63_Benzene-AcOH,63,DMCdla5,Jopt,54
351,-52353.9136294684,0.0488586636010786,kcal/mol,1005.0,63984.5123919598,0.5871511960363417,1.33485077180034,0.009941353431788024,0.34116656468530787,,,,,0.01,63_Benzene-AcOH,63,DMCdla5,Jopt,54
352,-52354.3017922099,0.0548770851279921,kcal/mol,1201.5,63992.36480212304,0.3058583158943699,1.355515601335751,0.0029966053840391,0.3302168689829759,linuxpc-intel-slurm-parallel.peta4-knl,640,2.9897624400000002,64000.0,0.003,63_Benzene-AcOH,63,DMCdla5,Jopt,54
353,-38220.8155603869,0.0464581939500732,kcal/mol,1050.0,63921.575288461536,1.5483643376983254,0.9006337081477971,0.0902552877029391,0.4297798347992385,linuxpc-intel-slurm-parallel.peta4-knl,128,9.593289470000002,64000.0,0.1,64_Peptide-Ethene,64,DMCdla5,Jopt,42
354,-38217.5975185261,0.041000543171323,kcal/mol,1275.0,63960.63798418972,1.0421660750960529,0.9251748113260467,0.04781944649221838,0.34089406948768286,linuxpc-intel-slurm-parallel.peta4-cclake,224,0.7687529159999998,64000.0,0.05,64_Peptide-Ethene,64,DMCdla5,Jopt,42
355,-38216.948869679,0.0541565702149357,kcal/mol,765.0,63964.925613923544,1.0609692189753228,0.9500567081588944,0.02930586238719097,0.35191601346496615,linuxpc-intel-slurm-parallel.peta4-knl,256,4.922875123999998,64000.0,0.03,64_Peptide-Ethene,64,DMCdla5,Jopt,42
356,-38217.1490050686,0.05215850380651,kcal/mol,1005.0,63990.42288442211,0.5341398476539763,0.9878767872191738,0.009945479132102943,0.3897769271914168,linuxpc-intel-slurm-parallel.peta4,320,0.5670175275862068,64000.0,0.01,64_Peptide-Ethene,64,DMCdla5,Jopt,42
357,-38217.4104602924,0.0434888691617619,kcal/mol,1201.5,64010.17033935433,0.28084926005202066,0.9466270881733766,0.0029968621174032584,0.32499612659136656,linuxpc-intel-slurm-parallel.peta4-icelake,152,0.7691398256198347,64000.0,0.003,64_Peptide-Ethene,64,DMCdla5,Jopt,42
358,-33733.440630842,0.0428323765395442,kcal/mol,1050.0,63945.30163461538,1.4525408564447073,0.747113220161339,0.09125037439805106,0.39757588815156497,linuxpc-intel-slurm-parallel.peta4,160,0.97512931,64000.0,0.1,65_Pyridine-Ethyne,65,DMCdla5,Jopt,40
359,-33732.0229479843,0.0423682097713997,kcal/mol,1275.0,63982.6481027668,1.0426494179018724,0.7638988747413449,0.04808326555202289,0.4561558441208884,linuxpc-intel-slurm-parallel.peta4-cclake,224,0.731236056,64000.0,0.05,65_Pyridine-Ethyne,65,DMCdla5,Jopt,40
360,-33732.019153633,0.0403179915184332,kcal/mol,1215.0,63972.04396753473,0.8230373769199663,0.7572349616620974,0.029398438099215222,0.4182027500110789,linuxpc-intel-slurm-parallel.peta4,160,0.9600836625000002,64000.0,0.03,65_Pyridine-Ethyne,65,DMCdla5,Jopt,40
361,-33732.4464221879,0.0409102167209529,kcal/mol,1005.0,63998.60493467336,0.5166913855664477,0.7578097645617528,0.009953759577824994,0.3764596927297583,linuxpc-intel-slurm-parallel.peta4,320,0.5072331499999999,64000.0,0.01,65_Pyridine-Ethyne,65,DMCdla5,Jopt,40
362,-37581.8350617217,0.0460069864773719,kcal/mol,1050.0,63937.70615384616,1.5504066592859977,0.8209432165855017,0.0909501186341987,0.44273486297991255,linuxpc-intel-slurm-parallel.peta4-knl,320,4.28092886,64000.0,0.1,66_MeNH2-Pyridine,66,DMCdla5,Jopt,44
363,-37580.056020201,0.0445318697568721,kcal/mol,1275.0,63975.802134387355,1.0018931800248176,0.8774978604325211,0.048006969384353275,0.40348145350118864,linuxpc-intel-slurm-parallel.peta4-cclake,224,0.866439496,64000.0,0.05,66_MeNH2-Pyridine,66,DMCdla5,Jopt,44
364,-37580.0590167694,0.0389887433077971,kcal/mol,1215.0,63969.28083453667,0.810207519246329,0.8617020013322974,0.029372223782060985,0.3879013277331515,linuxpc-intel-slurm-parallel.peta4-knl,320,4.26154415,64000.0,0.03,66_MeNH2-Pyridine,66,DMCdla5,Jopt,44
365,-37580.4864471365,0.0441586546432738,kcal/mol,1005.0,64003.44322613065,0.5497273782701503,0.8553288906410623,0.009951526073664695,0.3389928382296705,linuxpc-intel-slurm-parallel.peta4-knl,320,4.240312185,64000.0,0.01,66_MeNH2-Pyridine,66,DMCdla5,Jopt,44
