,ene,err,name,i,dmc_type,Jas,Jas_mol,delta,tau
0,-2.466740863466839,0.04679625400558658,01_Water-Water,1,DMCtm5,Jopt,JoptLA,0.030970661566243507,0.1
1,-2.962954701666604,0.03710025596968402,01_Water-Water,1,DMCtm5,Jopt,JoptLA,0.030970661566243507,0.06
2,-3.5996628638677066,0.03275409487981767,01_Water-Water,1,DMCtm5,Jopt,JoptLA,0.030970661566243507,0.03
3,-4.285075169867923,0.035724034333971436,01_Water-Water,1,DMCtm5,Jopt,JoptLA,0.030970661566243507,0.01
4,-4.197201192066132,0.18592292234454047,01_Water-Water,1,DMCtm5,Jopt,JoptLA,0.030970661566243507,0.006
5,-5.1464190808655985,0.046272984019304735,01_Water-Water,1,DMCtm5,Jopt,Jopt,0.030970661566243507,0.1
6,-5.032377990468376,0.040323805463889785,01_Water-Water,1,DMCtm5,Jopt,Jopt,0.030970661566243507,0.06
7,-4.933831198268308,0.034727090568981246,01_Water-Water,1,DMCtm5,Jopt,Jopt,0.030970661566243507,0.03
8,-4.9626251594672794,0.03647326618023061,01_Water-Water,1,DMCtm5,Jopt,Jopt,0.030970661566243507,0.01
9,-4.993661901466112,0.035908582566167475,01_Water-Water,1,DMCtm5,Jopt,Jopt,0.030970661566243507,0.006
10,-5.02207173066563,0.05098123174429996,01_Water-Water,1,DMCtm5,Jopt,Jopt,0.030970661566243507,0.003
11,-5.280549879364116,0.035481544918411025,01_Water-Water,1,DMCtm5,JoptLA,JoptLA,0.030970661566243507,0.06
12,-5.135713848467276,0.033624103149278745,01_Water-Water,1,DMCtm5,JoptLA,JoptLA,0.030970661566243507,0.03
13,-5.129502046565904,0.035334376127184715,01_Water-Water,1,DMCtm5,JoptLA,JoptLA,0.030970661566243507,0.02
14,-5.040640981766046,0.034797100028514306,01_Water-Water,1,DMCtm5,JoptLA,JoptLA,0.030970661566243507,0.01
15,-7.349973168165889,0.03883967461077361,01_Water-Water,1,DMCtm5,JoptLA,Jopt,0.030970661566243507,0.06
16,-6.469882182867877,0.03554884527777892,01_Water-Water,1,DMCtm5,JoptLA,Jopt,0.030970661566243507,0.03
17,-5.718190971365402,0.03556586407151687,01_Water-Water,1,DMCtm5,JoptLA,Jopt,0.030970661566243507,0.01
18,-5.8078140810685,0.050938386607904076,01_Water-Water,1,DMCdla5,Jopt,Jopt,0.030970661566243507,0.1
19,-5.499248513566272,0.03948120475068312,01_Water-Water,1,DMCdla5,Jopt,Jopt,0.030970661566243507,0.05
20,-5.371404813566187,0.03844933514996106,01_Water-Water,1,DMCdla5,Jopt,Jopt,0.030970661566243507,0.03
21,-5.221657682566729,0.042957561833672955,01_Water-Water,1,DMCdla5,Jopt,Jopt,0.030970661566243507,0.01
22,-5.203357102665905,0.03973159228046539,01_Water-Water,1,DMCdla5,Jopt,Jopt,0.030970661566243507,0.003
23,-5.186431409467332,0.042793618471178706,01_Water-Water,1,DMCdla5,Jopt,Jopt,0.030970661566243507,0.001
24,-6.042746575465571,0.04990650958714452,01_Water-Water,1,DMCdla5,Jopt,Jdimer,0.030970661566243507,0.1
25,-5.437692645766219,0.041267029251456436,01_Water-Water,1,DMCdla5,Jopt,Jdimer,0.030970661566243507,0.03
26,-5.249528186166572,0.04375218637244847,01_Water-Water,1,DMCdla5,Jopt,Jdimer,0.030970661566243507,0.01
27,-5.12100300426755,0.04147282691756696,01_Water-Water,1,DMCdla5,Jopt,Jdimer,0.030970661566243507,0.003
28,-5.974716441889541,0.04870041774970864,02_Water-MeOH,2,DMCdla5,Jopt,Jopt,0.026290242189134005,0.1
29,-5.964233537788459,0.040003184512152776,02_Water-MeOH,2,DMCdla5,Jopt,Jopt,0.026290242189134005,0.05
30,-5.953108275589329,0.039994621861107915,02_Water-MeOH,2,DMCdla5,Jopt,Jopt,0.026290242189134005,0.03
31,-5.890482182687265,0.043269370830792395,02_Water-MeOH,2,DMCdla5,Jopt,Jopt,0.026290242189134005,0.01
32,-5.859280006488916,0.039057214090476106,02_Water-MeOH,2,DMCdla5,Jopt,Jopt,0.026290242189134005,0.003
33,-6.369421782887002,0.047661868902438224,02_Water-MeOH,2,DMCdla5,Jopt,Jdimer,0.026290242189134005,0.1
34,-6.0063181088899,0.041785348268991655,02_Water-MeOH,2,DMCdla5,Jopt,Jdimer,0.026290242189134005,0.03
35,-5.916075970588281,0.04309031620072753,02_Water-MeOH,2,DMCdla5,Jopt,Jdimer,0.026290242189134005,0.01
36,-5.856242121190007,0.03793525562259247,02_Water-MeOH,2,DMCdla5,Jopt,Jdimer,0.026290242189134005,0.003
37,-7.998450552522627,0.04500305357256245,03_Water-MeNH2,3,DMCdla5,Jopt,Jopt,0.08290739062067587,0.1
38,-7.528634991522267,0.04158325462607766,03_Water-MeNH2,3,DMCdla5,Jopt,Jopt,0.08290739062067587,0.05
39,-7.431346551318711,0.039290673473800886,03_Water-MeNH2,3,DMCdla5,Jopt,Jopt,0.08290739062067587,0.03
40,-7.241136815719074,0.04285464374765821,03_Water-MeNH2,3,DMCdla5,Jopt,Jopt,0.08290739062067587,0.01
41,-7.218353308719088,0.038538084477005574,03_Water-MeNH2,3,DMCdla5,Jopt,Jopt,0.08290739062067587,0.003
42,-8.145315831819971,0.043468338914360076,03_Water-MeNH2,3,DMCdla5,Jopt,Jdimer,0.08290739062067587,0.1
43,-7.461915932119155,0.03977190328324664,03_Water-MeNH2,3,DMCdla5,Jopt,Jdimer,0.08290739062067587,0.03
44,-7.192949185619,0.043125112829904194,03_Water-MeNH2,3,DMCdla5,Jopt,Jdimer,0.08290739062067587,0.01
45,-7.201646051518765,0.03963202638063691,03_Water-MeNH2,3,DMCdla5,Jopt,Jdimer,0.08290739062067587,0.003
46,-9.030653210400487,0.06510082030779857,04_Water-Peptide,4,DMCdla5,Jopt,Jopt,0.08717102249647724,0.1
47,-8.537072908893606,0.05941373587831063,04_Water-Peptide,4,DMCdla5,Jopt,Jopt,0.08717102249647724,0.03
48,-8.464289854098752,0.06373211105498906,04_Water-Peptide,4,DMCdla5,Jopt,Jopt,0.08717102249647724,0.01
49,-8.584680605599715,0.056613522730246786,04_Water-Peptide,4,DMCdla5,Jopt,Jopt,0.08717102249647724,0.003
50,-6.289111802234402,0.06979869916913434,05_MeOH-MeOH,5,DMCdla5,Jopt,Jopt,0.03345293793245219,0.1
51,-6.270507171731879,0.057145627471198036,05_MeOH-MeOH,5,DMCdla5,Jopt,Jopt,0.03345293793245219,0.05
52,-6.187788716331852,0.05684853433130305,05_MeOH-MeOH,5,DMCdla5,Jopt,Jopt,0.03345293793245219,0.03
53,-6.1132615232309035,0.06684198466034161,05_MeOH-MeOH,5,DMCdla5,Jopt,Jopt,0.03345293793245219,0.02
54,-6.20493984343193,0.06034620643786844,05_MeOH-MeOH,5,DMCdla5,Jopt,Jopt,0.03345293793245219,0.01
55,-5.939761234632897,0.05720670057674736,05_MeOH-MeOH,5,DMCdla5,Jopt,Jopt,0.03345293793245219,0.006
56,-5.9733194891305175,0.054768188306371854,05_MeOH-MeOH,5,DMCdla5,Jopt,Jopt,0.03345293793245219,0.003
57,-6.843589989832253,0.06764325664732704,05_MeOH-MeOH,5,DMCdla5,Jopt,Jdimer,0.03345293793245219,0.1
58,-6.227920550732961,0.05994098543102593,05_MeOH-MeOH,5,DMCdla5,Jopt,Jdimer,0.03345293793245219,0.03
59,-6.22825691563412,0.05925293689354493,05_MeOH-MeOH,5,DMCdla5,Jopt,Jdimer,0.03345293793245219,0.01
60,-6.049597816931055,0.05012613180305729,05_MeOH-MeOH,5,DMCdla5,Jopt,Jdimer,0.03345293793245219,0.003
61,-8.15431871542387,0.05346258409950292,06_MeOH-MeNH2,6,DMCdla5,Jopt,Jopt,0.19607749392162077,0.1
62,-8.007082013818945,0.046282484381276044,06_MeOH-MeNH2,6,DMCdla5,Jopt,Jopt,0.19607749392162077,0.05
63,-7.9801775246196485,0.04751852232205648,06_MeOH-MeNH2,6,DMCdla5,Jopt,Jopt,0.19607749392162077,0.03
64,-7.94457489711931,0.04772995358159962,06_MeOH-MeNH2,6,DMCdla5,Jopt,Jopt,0.19607749392162077,0.01
65,-7.820005826421038,0.04353293489397392,06_MeOH-MeNH2,6,DMCdla5,Jopt,Jopt,0.19607749392162077,0.003
66,-8.460956841321604,0.051714817794463075,06_MeOH-MeNH2,6,DMCdla5,Jopt,Jdimer,0.19607749392162077,0.1
67,-7.99766890652063,0.04827208944808079,06_MeOH-MeNH2,6,DMCdla5,Jopt,Jdimer,0.19607749392162077,0.03
68,-7.894110551320409,0.047449861813319956,06_MeOH-MeNH2,6,DMCdla5,Jopt,Jdimer,0.19607749392162077,0.01
69,-7.882614782320161,0.042703040328612885,06_MeOH-MeNH2,6,DMCdla5,Jopt,Jdimer,0.19607749392162077,0.003
70,-9.09626065269913,0.06793223157075043,07_MeOH-Peptide,7,DMCdla5,Jopt,Jopt,0.14730501150188502,0.1
71,-8.706352028799301,0.062178649260764614,07_MeOH-Peptide,7,DMCdla5,Jopt,Jopt,0.14730501150188502,0.03
72,-8.654382070901192,0.06599100247043233,07_MeOH-Peptide,7,DMCdla5,Jopt,Jopt,0.14730501150188502,0.01
73,-5.569171572375126,0.04829560312177857,08_MeOH-Water,8,DMCdla5,Jopt,Jopt,0.03645365727425087,0.1
74,-5.467692036572771,0.040993212861481415,08_MeOH-Water,8,DMCdla5,Jopt,Jopt,0.03645365727425087,0.05
75,-5.377768617374386,0.0398318592547215,08_MeOH-Water,8,DMCdla5,Jopt,Jopt,0.03645365727425087,0.03
76,-5.263957914674393,0.042968411029934414,08_MeOH-Water,8,DMCdla5,Jopt,Jopt,0.03645365727425087,0.01
77,-5.299089566373368,0.042160133675449254,08_MeOH-Water,8,DMCdla5,Jopt,Jopt,0.03645365727425087,0.003
78,-5.963876913372587,0.04724815699234648,08_MeOH-Water,8,DMCdla5,Jopt,Jdimer,0.03645365727425087,0.1
79,-5.4309784506749565,0.04162958760107834,08_MeOH-Water,8,DMCdla5,Jopt,Jdimer,0.03645365727425087,0.03
80,-5.289551702575409,0.04278809699698555,08_MeOH-Water,8,DMCdla5,Jopt,Jdimer,0.03645365727425087,0.01
81,-5.296051681074459,0.04112291962122703,08_MeOH-Water,8,DMCdla5,Jopt,Jdimer,0.03645365727425087,0.003
82,-3.5538739852454455,0.05220038618563691,09_MeNH2-MeOH,9,DMCdla5,Jopt,Jopt,-0.03534247495554155,0.1
83,-3.3637979556424398,0.04941775291233296,09_MeNH2-MeOH,9,DMCdla5,Jopt,Jopt,-0.03534247495554155,0.05
84,-3.3131685724438285,0.04873408775135281,09_MeNH2-MeOH,9,DMCdla5,Jopt,Jopt,-0.03534247495554155,0.03
85,-3.233468476544658,0.04867571140858584,09_MeNH2-MeOH,9,DMCdla5,Jopt,Jopt,-0.03534247495554155,0.01
86,-3.0966975193423423,0.04792250213090101,09_MeNH2-MeOH,9,DMCdla5,Jopt,Jopt,-0.03534247495554155,0.003
87,-3.86051211114318,0.05040887619108093,09_MeNH2-MeOH,9,DMCdla5,Jopt,Jdimer,-0.03534247495554155,0.1
88,-3.33065995434481,0.04946914154266565,09_MeNH2-MeOH,9,DMCdla5,Jopt,Jdimer,-0.03534247495554155,0.03
89,-3.1830041307457577,0.048401092945649885,09_MeNH2-MeOH,9,DMCdla5,Jopt,Jdimer,-0.03534247495554155,0.01
90,-3.159306475241465,0.04716989975938446,09_MeNH2-MeOH,9,DMCdla5,Jopt,Jdimer,-0.03534247495554155,0.003
91,-4.503608062950661,0.06088922425087805,10_MeNH2-MeNH2,10,DMCdla5,Jopt,Jopt,-0.009435950851184316,0.1
92,-4.324334185748739,0.054554085203691906,10_MeNH2-MeNH2,10,DMCdla5,Jopt,Jopt,-0.009435950851184316,0.05
93,-4.354039934347384,0.05499274106634147,10_MeNH2-MeNH2,10,DMCdla5,Jopt,Jopt,-0.009435950851184316,0.03
94,-4.100465572650137,0.050726968029840946,10_MeNH2-MeNH2,10,DMCdla5,Jopt,Jopt,-0.009435950851184316,0.02
95,-4.364964857446466,0.05743536205677872,10_MeNH2-MeNH2,10,DMCdla5,Jopt,Jopt,-0.009435950851184316,0.01
96,-4.176915847750934,0.049455293445485084,10_MeNH2-MeNH2,10,DMCdla5,Jopt,Jopt,-0.009435950851184316,0.003
97,-4.562406127148279,0.0571703051364364,10_MeNH2-MeNH2,10,DMCdla5,Jopt,Jdimer,-0.009435950851184316,0.1
98,-4.348890863748238,0.05433023389616031,10_MeNH2-MeNH2,10,DMCdla5,Jopt,Jdimer,-0.009435950851184316,0.03
99,-4.240719093646476,0.057644935461241435,10_MeNH2-MeNH2,10,DMCdla5,Jopt,Jdimer,-0.009435950851184316,0.01
100,-4.225855431748641,0.05144399228190247,10_MeNH2-MeNH2,10,DMCdla5,Jopt,Jdimer,-0.009435950851184316,0.003
101,-5.587015087654436,0.062036864816471575,11_MeNH2-Peptide,11,DMCdla5,Jopt,Jopt,0.017842859553638846,0.1
102,-5.584370383752685,0.05697393839966904,11_MeNH2-Peptide,11,DMCdla5,Jopt,Jopt,0.017842859553638846,0.03
103,-5.589508803856006,0.06507307118069129,11_MeNH2-Peptide,11,DMCdla5,Jopt,Jopt,0.017842859553638846,0.01
104,-8.179850022717801,0.04409926236552802,12_MeNH2-Water,12,DMCdla5,Jopt,Jopt,0.09729766591772204,0.1
105,-7.723217093716812,0.04175162385323534,12_MeNH2-Water,12,DMCdla5,Jopt,Jopt,0.09729766591772204,0.05
106,-7.753817524018814,0.03839776895731705,12_MeNH2-Water,12,DMCdla5,Jopt,Jopt,0.09729766591772204,0.03
107,-7.553207935716273,0.03883653674969377,12_MeNH2-Water,12,DMCdla5,Jopt,Jopt,0.09729766591772204,0.02
108,-7.643114512415195,0.041701689379950765,12_MeNH2-Water,12,DMCdla5,Jopt,Jopt,0.09729766591772204,0.01
109,-7.547422652118257,0.04242754640766963,12_MeNH2-Water,12,DMCdla5,Jopt,Jopt,0.09729766591772204,0.003
110,-8.326715302015145,0.042531947972111746,12_MeNH2-Water,12,DMCdla5,Jopt,Jdimer,0.09729766591772204,0.1
111,-7.784386904819257,0.03889004923687531,12_MeNH2-Water,12,DMCdla5,Jopt,Jdimer,0.09729766591772204,0.03
112,-7.5949268823151215,0.04197958745622883,12_MeNH2-Water,12,DMCdla5,Jopt,Jdimer,0.09729766591772204,0.01
113,-7.530715394917934,0.04342361401419327,12_MeNH2-Water,12,DMCdla5,Jopt,Jdimer,0.09729766591772204,0.003
114,-6.444996915270167,0.0704972562321167,13_Peptide-MeOH,13,DMCdla5,Jopt,Jopt,-0.033902543829753995,0.1
115,-6.351791566072279,0.060860377121052335,13_Peptide-MeOH,13,DMCdla5,Jopt,Jopt,-0.033902543829753995,0.03
116,-6.411957748070563,0.06893943509268347,13_Peptide-MeOH,13,DMCdla5,Jopt,Jopt,-0.033902543829753995,0.01
117,-7.772730632004823,0.06918376956908595,14_Peptide-MeNH2,14,DMCdla5,Jopt,Jopt,-0.015802219793840777,0.1
118,-7.763732887504375,0.058684017523118887,14_Peptide-MeNH2,14,DMCdla5,Jopt,Jopt,-0.015802219793840777,0.03
119,-7.691525358804938,0.05988175951185548,14_Peptide-MeNH2,14,DMCdla5,Jopt,Jopt,-0.015802219793840777,0.01
120,-8.024678446703547,0.06513227925924707,14_Peptide-MeNH2,14,DMCdla5,Jopt,Jdimer,-0.015802219793840777,0.1
121,-7.745424492502934,0.05942051142118614,14_Peptide-MeNH2,14,DMCdla5,Jopt,Jdimer,-0.015802219793840777,0.03
122,-7.65763096030787,0.06176121038271418,14_Peptide-MeNH2,14,DMCdla5,Jopt,Jdimer,-0.015802219793840777,0.01
123,-8.037945043000946,0.0905376104771624,15_Peptide-Peptide,15,DMCdla5,Jopt,Jopt,0.0,0.1
124,-8.521738262195868,0.0674979310765668,15_Peptide-Peptide,15,DMCdla5,Jopt,Jopt,0.0,0.03
125,-8.760694622204028,0.08286497835534151,15_Peptide-Peptide,15,DMCdla5,Jopt,Jopt,0.0,0.01
126,-8.829642125198006,0.07146963207048389,15_Peptide-Peptide,15,DMCdla5,Jopt,Jopt,0.0,0.003
127,-5.069150649340372,0.06353141162023115,16_Peptide-Water,16,DMCdla5,Jopt,Jopt,-0.0026797515602083877,0.1
128,-5.299660675342238,0.05646442174666547,16_Peptide-Water,16,DMCdla5,Jopt,Jopt,-0.0026797515602083877,0.03
129,-5.343295620543358,0.06244266097432684,16_Peptide-Water,16,DMCdla5,Jopt,Jopt,-0.0026797515602083877,0.01
130,-17.059502468604478,0.10663509772283859,17_Uracil-Uracil_BP,17,DMCdla5,Jopt,Jopt,0.0,0.1
131,-17.72674058220582,0.09305550644392306,17_Uracil-Uracil_BP,17,DMCdla5,Jopt,Jopt,0.0,0.03
132,-17.74446255179646,0.09439408558499103,17_Uracil-Uracil_BP,17,DMCdla5,Jopt,Jopt,0.0,0.01
133,-17.929088830605906,0.09210322192592497,17_Uracil-Uracil_BP,17,DMCdla5,Jopt,Jopt,0.0,0.003
134,-8.060750158605515,0.06031506816447726,18_Water-Pyridine,18,DMCdla5,Jopt,Jopt,0.10518832789966837,0.1
135,-7.553180440496362,0.05221365578442762,18_Water-Pyridine,18,DMCdla5,Jopt,Jopt,0.10518832789966837,0.05
136,-7.380179975294595,0.046092668183609756,18_Water-Pyridine,18,DMCdla5,Jopt,Jopt,0.10518832789966837,0.03
137,-7.473090349099948,0.06953910466957523,18_Water-Pyridine,18,DMCdla5,Jopt,Jopt,0.10518832789966837,0.02
138,-7.3797196951964,0.061517217210969435,18_Water-Pyridine,18,DMCdla5,Jopt,Jopt,0.10518832789966837,0.01
139,-7.262831004198233,0.05263356095300511,18_Water-Pyridine,18,DMCdla5,Jopt,Jopt,0.10518832789966837,0.003
140,-7.953252144801809,0.05955340134475432,18_Water-Pyridine,18,DMCdla5,Jopt,Jdimer,0.10518832789966837,0.1
141,-7.378016088994627,0.04820015216520695,18_Water-Pyridine,18,DMCdla5,Jopt,Jdimer,0.10518832789966837,0.03
142,-7.365800488594687,0.0615255864103931,18_Water-Pyridine,18,DMCdla5,Jopt,Jdimer,0.10518832789966837,0.01
143,-7.201745110298361,0.06179323315208432,18_Water-Pyridine,18,DMCdla5,Jopt,Jdimer,0.10518832789966837,0.003
144,-8.384704806514492,0.0631355287723362,19_MeOH-Pyridine,19,DMCdla5,Jopt,Jopt,0.21556999611493666,0.1
145,-8.08265743981974,0.06455777936384759,19_MeOH-Pyridine,19,DMCdla5,Jopt,Jopt,0.21556999611493666,0.05
146,-7.970698370820173,0.05135622344521033,19_MeOH-Pyridine,19,DMCdla5,Jopt,Jopt,0.21556999611493666,0.03
147,-7.8824252120175515,0.07121287748210435,19_MeOH-Pyridine,19,DMCdla5,Jopt,Jopt,0.21556999611493666,0.02
148,-7.972173739410209,0.07106573628279485,19_MeOH-Pyridine,19,DMCdla5,Jopt,Jopt,0.21556999611493666,0.01
149,-7.86716274551145,0.0644537003468632,19_MeOH-Pyridine,19,DMCdla5,Jopt,Jopt,0.21556999611493666,0.003
150,-8.436979639311176,0.06202215717955712,19_MeOH-Pyridine,19,DMCdla5,Jopt,Jdimer,0.21556999611493666,0.1
151,-7.9554564856152865,0.053575364509107846,19_MeOH-Pyridine,19,DMCdla5,Jopt,Jdimer,0.21556999611493666,0.03
152,-7.95597781710967,0.07072096361422922,19_MeOH-Pyridine,19,DMCdla5,Jopt,Jdimer,0.21556999611493666,0.01
153,-7.885393064712844,0.07103035327339198,19_MeOH-Pyridine,19,DMCdla5,Jopt,Jdimer,0.21556999611493666,0.003
154,-20.61737541329785,0.07696480227405415,20_AcOH-AcOH,20,DMCdla5,Jopt,Jopt,0.0,0.1
155,-20.496603794897965,0.06559533830797742,20_AcOH-AcOH,20,DMCdla5,Jopt,Jopt,0.0,0.03
156,-20.301314740001544,0.0767408047878879,20_AcOH-AcOH,20,DMCdla5,Jopt,Jopt,0.0,0.01
157,-18.1377268105025,0.07271908117394522,21_AcNH2-AcNH2,21,DMCdla5,Jopt,Jopt,0.0,0.1
158,-17.088754102402163,0.06369067497543791,21_AcNH2-AcNH2,21,DMCdla5,Jopt,Jopt,0.0,0.03
159,-16.93994733699583,0.06900363179427142,21_AcNH2-AcNH2,21,DMCdla5,Jopt,Jopt,0.0,0.01
160,-21.12827090279461,0.0880403221539647,22_AcOH-Uracil,22,DMCdla5,Jopt,Jopt,0.0,0.1
161,-20.567356838400883,0.08025852638008325,22_AcOH-Uracil,22,DMCdla5,Jopt,Jopt,0.0,0.03
162,-20.614155090093846,0.0957025902283054,22_AcOH-Uracil,22,DMCdla5,Jopt,Jopt,0.0,0.01
163,-20.578794936300255,0.07975498489501877,22_AcOH-Uracil,22,DMCdla5,Jopt,Jopt,0.0,0.003
164,-20.901955716894008,0.09823034131092341,23_AcNH2-Uracil,23,DMCdla5,Jopt,Jopt,0.0,0.1
165,-20.01381837180088,0.07619248998658536,23_AcNH2-Uracil,23,DMCdla5,Jopt,Jopt,0.0,0.03
166,-20.006667791902146,0.08277885180290581,23_AcNH2-Uracil,23,DMCdla5,Jopt,Jopt,0.0,0.01
167,-19.78938139089587,0.12918653049975806,23_AcNH2-Uracil,23,DMCdla5,Jopt,Jopt,0.0,0.003
168,-1.1887223184967297,0.05536709902956411,24_Benzene-Benzene_pi-pi,24,DMCdla5,Jopt,Jopt,0.00017475959612056613,0.7
169,-2.184794696098834,0.09632179999092885,24_Benzene-Benzene_pi-pi,24,DMCdla5,Jopt,Jopt,0.00017475959612056613,0.1
170,-2.234228822591831,0.06246230652609906,24_Benzene-Benzene_pi-pi,24,DMCdla5,Jopt,Jopt,0.00017475959612056613,0.06
171,-2.309192301792791,0.0749807442699974,24_Benzene-Benzene_pi-pi,24,DMCdla5,Jopt,Jopt,0.00017475959612056613,0.05
172,-2.2558242777959094,0.049013637314346784,24_Benzene-Benzene_pi-pi,24,DMCdla5,Jopt,Jopt,0.00017475959612056613,0.03
173,-2.3115073395965737,0.09527973885145129,24_Benzene-Benzene_pi-pi,24,DMCdla5,Jopt,Jopt,0.00017475959612056613,0.02
174,-2.3572053883981425,0.08682480903607903,24_Benzene-Benzene_pi-pi,24,DMCdla5,Jopt,Jopt,0.00017475959612056613,0.01
175,-2.3348218457977055,0.10067550002520828,24_Benzene-Benzene_pi-pi,24,DMCdla5,Jopt,Jopt,0.00017475959612056613,0.003
176,-3.002514637701097,0.05567165682851642,24_Benzene-Benzene_pi-pi,24,DMCdla5,Jopt,Jdimer,0.00017475959612056613,0.7
177,-2.550167049499578,0.08952629992969229,24_Benzene-Benzene_pi-pi,24,DMCdla5,Jopt,Jdimer,0.00017475959612056613,0.1
178,-2.55675643759605,0.07230005169543126,24_Benzene-Benzene_pi-pi,24,DMCdla5,Jopt,Jdimer,0.00017475959612056613,0.06
179,-2.345746535997023,0.04942993860661146,24_Benzene-Benzene_pi-pi,24,DMCdla5,Jopt,Jdimer,0.00017475959612056613,0.03
180,-2.3842061415998614,0.05844681423283717,24_Benzene-Benzene_pi-pi,24,DMCdla5,Jopt,Jdimer,0.00017475959612056613,0.01
181,-2.363349905994255,0.08303178760584047,24_Benzene-Benzene_pi-pi,24,DMCdla5,Jopt,Jdimer,0.00017475959612056613,0.003
182,-4.344755889025691,0.0865184726550039,25_Pyridine-Pyridine_pi-pi,25,DMCdla,Jopt,Jdimer,-0.003356199769768864,0.1
183,-3.3286300705294707,0.08556763651047386,25_Pyridine-Pyridine_pi-pi,25,DMCdla,Jopt,Jdimer,-0.003356199769768864,0.01
184,-4.193355073330167,0.09465780119623077,25_Pyridine-Pyridine_pi-pi,25,DMCdla5,Jopt,Jopt,-0.003356199769768864,0.1
185,-3.728339389526809,0.08490889198130408,25_Pyridine-Pyridine_pi-pi,25,DMCdla5,Jopt,Jopt,-0.003356199769768864,0.06
186,-3.689170268633461,0.08383005976569406,25_Pyridine-Pyridine_pi-pi,25,DMCdla5,Jopt,Jopt,-0.003356199769768864,0.05
187,-3.521634843928041,0.04738719120689251,25_Pyridine-Pyridine_pi-pi,25,DMCdla5,Jopt,Jopt,-0.003356199769768864,0.03
188,-3.5673557749323663,0.10513566178765547,25_Pyridine-Pyridine_pi-pi,25,DMCdla5,Jopt,Jopt,-0.003356199769768864,0.02
189,-3.5642234235274373,0.10200459484147577,25_Pyridine-Pyridine_pi-pi,25,DMCdla5,Jopt,Jopt,-0.003356199769768864,0.01
190,-3.5274586870291387,0.08444731121703263,25_Pyridine-Pyridine_pi-pi,25,DMCdla5,Jopt,Jopt,-0.003356199769768864,0.003
191,-3.7434265513293212,0.09326821277651404,25_Pyridine-Pyridine_pi-pi,25,DMCdla5,Jopt,Jdimer,-0.003356199769768864,0.1
192,-3.4510192391244345,0.05306422518581679,25_Pyridine-Pyridine_pi-pi,25,DMCdla5,Jopt,Jdimer,-0.003356199769768864,0.03
193,-3.5085145067278063,0.10168655149105318,25_Pyridine-Pyridine_pi-pi,25,DMCdla5,Jopt,Jdimer,-0.003356199769768864,0.01
194,-3.48764099762775,0.10574686815017093,25_Pyridine-Pyridine_pi-pi,25,DMCdla5,Jopt,Jdimer,-0.003356199769768864,0.003
195,-4.88513983523444,0.0899455531164017,25_Pyridine-Pyridine_pi-pi,25,DMC,Jopt,Jdimer,-0.003356199769768864,0.1
196,-3.9483282477303874,0.1310260413050311,25_Pyridine-Pyridine_pi-pi,25,DMC,Jopt,Jdimer,-0.003356199769768864,0.03
197,-9.764514109097945,0.10189154412860692,26_Uracil-Uracil_pi-pi,26,DMCdla5,Jopt,Jopt,0.0,0.1
198,-9.510025740601122,0.0643056396966056,26_Uracil-Uracil_pi-pi,26,DMCdla5,Jopt,Jopt,0.0,0.03
199,-9.331426542499685,0.07732061949872952,26_Uracil-Uracil_pi-pi,26,DMCdla5,Jopt,Jopt,0.0,0.01
200,-3.3168548105277296,0.07846724639269373,27_Benzene-Pyridine_pi-pi,27,DMCdla5,Jopt,Jopt,-0.007391295075649396,0.1
201,-3.06397768701936,0.06845183669905978,27_Benzene-Pyridine_pi-pi,27,DMCdla5,Jopt,Jopt,-0.007391295075649396,0.05
202,-2.9833334546237893,0.03516691760623186,27_Benzene-Pyridine_pi-pi,27,DMCdla5,Jopt,Jopt,-0.007391295075649396,0.03
203,-2.9738620333300787,0.0808109049494615,27_Benzene-Pyridine_pi-pi,27,DMCdla5,Jopt,Jopt,-0.007391295075649396,0.02
204,-3.0593366406210407,0.08249053702123596,27_Benzene-Pyridine_pi-pi,27,DMCdla5,Jopt,Jopt,-0.007391295075649396,0.01
205,-3.2745767262276786,0.07600059940328678,27_Benzene-Pyridine_pi-pi,27,DMCdla5,Jopt,Jdimer,-0.007391295075649396,0.1
206,-2.992986781322543,0.03727632179969456,27_Benzene-Pyridine_pi-pi,27,DMCdla5,Jopt,Jdimer,-0.007391295075649396,0.03
207,-3.0449825588220847,0.07588058843899535,27_Benzene-Pyridine_pi-pi,27,DMCdla5,Jopt,Jdimer,-0.007391295075649396,0.01
208,-5.512667799870542,0.1020205383393489,28_Benzene-Uracil_pi-pi,28,DMCdla5,Jopt,Jopt,0.010133545962162316,0.1
209,-5.123669685170171,0.08177969390746491,28_Benzene-Uracil_pi-pi,28,DMCdla5,Jopt,Jopt,0.010133545962162316,0.03
210,-5.085950320062693,0.09384523734306045,28_Benzene-Uracil_pi-pi,28,DMCdla5,Jopt,Jopt,0.010133545962162316,0.01
211,-5.07555984116334,0.08462422577265971,28_Benzene-Uracil_pi-pi,28,DMCdla5,Jopt,Jopt,0.010133545962162316,0.003
212,-5.808145959766989,0.09682493238859072,28_Benzene-Uracil_pi-pi,28,DMCdla5,Jopt,Jdimer,0.010133545962162316,0.1
213,-5.109870511470945,0.08227715979055947,28_Benzene-Uracil_pi-pi,28,DMCdla5,Jopt,Jdimer,0.010133545962162316,0.03
214,-5.122080199755146,0.09025317606042335,28_Benzene-Uracil_pi-pi,28,DMCdla5,Jopt,Jdimer,0.010133545962162316,0.01
215,-5.0829136600659695,0.08300864935072501,28_Benzene-Uracil_pi-pi,28,DMCdla5,Jopt,Jdimer,0.010133545962162316,0.003
216,-5.645461251267989,0.09506093334175211,29_Pyridine-Uracil_pi-pi,29,DMCdla5,Jopt,Jopt,0.013910925772506744,0.1
217,-6.12041400236194,0.0821526229360316,29_Pyridine-Uracil_pi-pi,29,DMCdla5,Jopt,Jopt,0.013910925772506744,0.03
218,-6.390531497170741,0.09258291086690786,29_Pyridine-Uracil_pi-pi,29,DMCdla5,Jopt,Jopt,0.013910925772506744,0.01
219,-5.660104788163153,0.09422435760428384,29_Pyridine-Uracil_pi-pi,29,DMCdla5,Jopt,Jdimer,0.013910925772506744,0.1
220,-6.22576053206285,0.08105112905123259,29_Pyridine-Uracil_pi-pi,29,DMCdla5,Jopt,Jdimer,0.013910925772506744,0.03
221,-6.396469341168995,0.09392011307112981,29_Pyridine-Uracil_pi-pi,29,DMCdla5,Jopt,Jdimer,0.013910925772506744,0.01
222,-6.310331497857987,0.10078069086674632,29_Pyridine-Uracil_pi-pi,29,DMCdla5,Jopt,Jdimer,0.013910925772506744,0.003
223,-0.9681754724661005,0.06226985457061834,30_Benzene-Ethene,30,DMCdla5,Jopt,Jopt,-0.005731047625886276,0.1
224,-1.0274053665143583,0.05262505171208218,30_Benzene-Ethene,30,DMCdla5,Jopt,Jopt,-0.005731047625886276,0.05
225,-1.1518384340924968,0.04669558522935385,30_Benzene-Ethene,30,DMCdla5,Jopt,Jopt,-0.005731047625886276,0.03
226,-1.136954551713643,0.06099997681505283,30_Benzene-Ethene,30,DMCdla5,Jopt,Jopt,-0.005731047625886276,0.01
227,-1.105148381617255,0.05729139811637657,30_Benzene-Ethene,30,DMCdla5,Jopt,Jopt,-0.005731047625886276,0.003
228,-1.3714853684759873,0.0599882633862994,30_Benzene-Ethene,30,DMCdla5,Jopt,Jdimer,-0.005731047625886276,0.1
229,-1.2286874410438031,0.04798563411321846,30_Benzene-Ethene,30,DMCdla5,Jopt,Jdimer,-0.005731047625886276,0.03
230,-1.153785492573661,0.05282727570657245,30_Benzene-Ethene,30,DMCdla5,Jopt,Jdimer,-0.005731047625886276,0.01
231,-1.1470381707349588,0.048938593924180075,30_Benzene-Ethene,30,DMCdla5,Jopt,Jdimer,-0.005731047625886276,0.003
232,-3.9041778670216445,0.07534566574018298,31_Uracil-Ethene,31,DMCdla5,Jopt,Jopt,-0.00020381297508720309,0.1
233,-3.2563933188394003,0.07267328788584665,31_Uracil-Ethene,31,DMCdla5,Jopt,Jopt,-0.00020381297508720309,0.03
234,-3.189556320567135,0.07040918589056866,31_Uracil-Ethene,31,DMCdla5,Jopt,Jopt,-0.00020381297508720309,0.01
235,-3.4839560210557465,0.08530125012886418,32_Uracil-Ethyne,32,DMCdla5,Jopt,Jopt,0.0,0.1
236,-3.5385515074094656,0.06854608918922901,32_Uracil-Ethyne,32,DMCdla5,Jopt,Jopt,0.0,0.03
237,-3.5002673846311154,0.08103514522945615,32_Uracil-Ethyne,32,DMCdla5,Jopt,Jopt,0.0,0.01
238,-1.353573098043853,0.06299943553844073,33_Pyridine-Ethene,33,DMCdla5,Jopt,Jopt,-0.016118544044729788,0.1
239,-1.5169625328981056,0.05693654298381465,33_Pyridine-Ethene,33,DMCdla5,Jopt,Jopt,-0.016118544044729788,0.05
240,-1.587217152278754,0.046305997110936005,33_Pyridine-Ethene,33,DMCdla5,Jopt,Jopt,-0.016118544044729788,0.03
241,-1.6656159726971964,0.06650594605148095,33_Pyridine-Ethene,33,DMCdla5,Jopt,Jopt,-0.016118544044729788,0.01
242,-1.5964597606925963,0.0847276882746901,33_Pyridine-Ethene,33,DMCdla5,Jopt,Jopt,-0.016118544044729788,0.003
243,-1.3492325563529448,0.06277287291834767,33_Pyridine-Ethene,33,DMCdla5,Jopt,Jdimer,-0.016118544044729788,0.1
244,-1.5837972277277004,0.048976624514447675,33_Pyridine-Ethene,33,DMCdla5,Jopt,Jdimer,-0.016118544044729788,0.03
245,-1.6410920785565395,0.06713567186103028,33_Pyridine-Ethene,33,DMCdla5,Jopt,Jdimer,-0.016118544044729788,0.01
246,-1.604176675011331,0.09008077160827159,33_Pyridine-Ethene,33,DMCdla5,Jopt,Jdimer,-0.016118544044729788,0.003
247,-3.294053795572836,0.08003158972661008,34_Pentane-Pentane,34,DMCdla5,Jopt,Jopt,-0.000281246830127202,0.1
248,-3.309740432770923,0.07756358785145373,34_Pentane-Pentane,34,DMCdla5,Jopt,Jopt,-0.000281246830127202,0.05
249,-3.58633099047438,0.06976466170250616,34_Pentane-Pentane,34,DMCdla5,Jopt,Jopt,-0.000281246830127202,0.03
250,-3.5120492412752355,0.08846055874984735,34_Pentane-Pentane,34,DMCdla5,Jopt,Jopt,-0.000281246830127202,0.01
251,-3.6083319043682422,0.10907181495708826,34_Pentane-Pentane,34,DMCdla5,Jopt,Jopt,-0.000281246830127202,0.003
252,-3.599438719371392,0.08705316232639616,34_Pentane-Pentane,34,DMCdla5,Jopt,Jdimer,-0.000281246830127202,0.1
253,-3.4356792746693827,0.07775915295363102,34_Pentane-Pentane,34,DMCdla5,Jopt,Jdimer,-0.000281246830127202,0.03
254,-3.606335272270371,0.08631493415018043,34_Pentane-Pentane,34,DMCdla5,Jopt,Jdimer,-0.000281246830127202,0.01
255,-3.534302695770748,0.11259057372695096,34_Pentane-Pentane,34,DMCdla5,Jopt,Jdimer,-0.000281246830127202,0.003
256,-2.5210847949929303,0.0675923035631067,35_Neopentane-Pentane,35,DMCdla5,Jopt,Jopt,0.0008313159924000502,0.1
257,-2.3021756532907602,0.06545856600893696,35_Neopentane-Pentane,35,DMCdla5,Jopt,Jopt,0.0008313159924000502,0.05
258,-2.5702140311987023,0.06672866149017774,35_Neopentane-Pentane,35,DMCdla5,Jopt,Jopt,0.0008313159924000502,0.03
259,-2.4020255557916244,0.07618666559692269,35_Neopentane-Pentane,35,DMCdla5,Jopt,Jopt,0.0008313159924000502,0.01
260,-2.4799114873894723,0.10841804366917833,35_Neopentane-Pentane,35,DMCdla5,Jopt,Jopt,0.0008313159924000502,0.003
261,-3.0015520310917054,0.07208808685133156,35_Neopentane-Pentane,35,DMCdla5,Jopt,Jdimer,0.0008313159924000502,0.1
262,-2.605556940394308,0.0689377303157626,35_Neopentane-Pentane,35,DMCdla5,Jopt,Jdimer,0.0008313159924000502,0.03
263,-2.442281719089806,0.07647303335583722,35_Neopentane-Pentane,35,DMCdla5,Jopt,Jdimer,0.0008313159924000502,0.01
264,-1.9413891755611985,0.08673088564841962,36_Neopentane-Neopentane,36,DMCdla5,Jopt,Jopt,9.399995906278491e-05,0.1
265,-1.8372342972579645,0.08288979999184742,36_Neopentane-Neopentane,36,DMCdla5,Jopt,Jopt,9.399995906278491e-05,0.05
266,-1.6830675277597038,0.0742436271032914,36_Neopentane-Neopentane,36,DMCdla5,Jopt,Jopt,9.399995906278491e-05,0.03
267,-1.6948949237557827,0.09153078530146277,36_Neopentane-Neopentane,36,DMCdla5,Jopt,Jopt,9.399995906278491e-05,0.01
268,-1.7631501786599983,0.12226354422158504,36_Neopentane-Neopentane,36,DMCdla5,Jopt,Jopt,9.399995906278491e-05,0.003
269,-2.596938723960193,0.09413256539675109,36_Neopentane-Neopentane,36,DMCdla5,Jopt,Jdimer,9.399995906278491e-05,0.1
270,-1.904405061955913,0.07437421533787004,36_Neopentane-Neopentane,36,DMCdla5,Jopt,Jdimer,9.399995906278491e-05,0.03
271,-1.68112121935701,0.09448679547085059,36_Neopentane-Neopentane,36,DMCdla5,Jopt,Jdimer,9.399995906278491e-05,0.01
272,-2.000404629001423,0.07076959155700928,37_Cyclopentane-Neopentane,37,DMCdla5,Jopt,Jopt,0.0004892641009064391,0.1
273,-2.1021707429972594,0.06899509042231108,37_Cyclopentane-Neopentane,37,DMCdla5,Jopt,Jopt,0.0004892641009064391,0.05
274,-2.1448024966994126,0.06844162640931138,37_Cyclopentane-Neopentane,37,DMCdla5,Jopt,Jopt,0.0004892641009064391,0.03
275,-2.156285404598748,0.07485684891569884,37_Cyclopentane-Neopentane,37,DMCdla5,Jopt,Jopt,0.0004892641009064391,0.01
276,-2.447653976701986,0.07607423492859741,37_Cyclopentane-Neopentane,37,DMCdla5,Jopt,Jdimer,0.0004892641009064391,0.1
277,-2.3020707308969577,0.0684751923721642,37_Cyclopentane-Neopentane,37,DMCdla5,Jopt,Jdimer,0.0004892641009064391,0.03
278,-2.198215687796619,0.07626642478684044,37_Cyclopentane-Neopentane,37,DMCdla5,Jopt,Jdimer,0.0004892641009064391,0.01
279,-2.4508970678980404,0.07616459436433966,38_Cyclopentane-Cyclopentane,38,DMCdla5,Jopt,Jopt,0.0,0.1
280,-2.7160551843953726,0.06280869588234447,38_Cyclopentane-Cyclopentane,38,DMCdla5,Jopt,Jopt,0.0,0.03
281,-2.9302700266016473,0.06930875723137868,38_Cyclopentane-Cyclopentane,38,DMCdla5,Jopt,Jopt,0.0,0.01
282,-2.95048584808319,0.07584979409940912,39_Benzene-Cyclopentane,39,DMCdla5,Jopt,Jopt,-0.005714042315958068,0.1
283,-3.179382148286095,0.06380997797169309,39_Benzene-Cyclopentane,39,DMCdla5,Jopt,Jopt,-0.005714042315958068,0.03
284,-3.2889512887813908,0.07591607305333545,39_Benzene-Cyclopentane,39,DMCdla5,Jopt,Jopt,-0.005714042315958068,0.01
285,-2.6795096402383933,0.07661468079112464,40_Benzene-Neopentane,40,DMCdla5,Jopt,Jopt,0.002170093634049408,0.1
286,-2.6476230984299036,0.06729590443024351,40_Benzene-Neopentane,40,DMCdla5,Jopt,Jopt,0.002170093634049408,0.05
287,-2.5858800722380693,0.05755584765584802,40_Benzene-Neopentane,40,DMCdla5,Jopt,Jopt,0.002170093634049408,0.03
288,-2.7364852898354,0.07289274895758283,40_Benzene-Neopentane,40,DMCdla5,Jopt,Jopt,0.002170093634049408,0.01
289,-3.1899705911382625,0.07673819097966604,40_Benzene-Neopentane,40,DMCdla5,Jopt,Jdimer,0.002170093634049408,0.1
290,-2.7415099684367306,0.057686853630344315,40_Benzene-Neopentane,40,DMCdla5,Jopt,Jdimer,0.002170093634049408,0.03
291,-2.7430988142368733,0.066484516792703,40_Benzene-Neopentane,40,DMCdla5,Jopt,Jdimer,0.002170093634049408,0.01
292,-5.525887246752973,0.09498087568241079,41_Uracil-Pentane,41,DMCdla5,Jopt,Jopt,0.05086721295083407,0.1
293,-4.7664314217581705,0.07819133012912015,41_Uracil-Pentane,41,DMCdla5,Jopt,Jopt,0.05086721295083407,0.03
294,-4.574785345059354,0.09040853022083266,41_Uracil-Pentane,41,DMCdla5,Jopt,Jopt,0.05086721295083407,0.01
295,-4.4516226487503445,0.08150842241019193,41_Uracil-Pentane,41,DMCdla5,Jopt,Jopt,0.05086721295083407,0.003
296,-4.6608700718970795,0.08188188533563011,42_Uracil-Cyclopentane,42,DMCdla5,Jopt,Jopt,0.0,0.1
297,-3.6943790491968684,0.08503188503944832,42_Uracil-Cyclopentane,42,DMCdla5,Jopt,Jopt,0.0,0.03
298,-3.600662430508237,0.08522724127499565,42_Uracil-Cyclopentane,42,DMCdla5,Jopt,Jopt,0.0,0.01
299,-3.3379649333583075,0.08970731737036541,43_Uracil-Neopentane,43,DMCdla5,Jopt,Jopt,0.01244884375773836,0.1
300,-3.1936750571585435,0.08032334376884037,43_Uracil-Neopentane,43,DMCdla5,Jopt,Jopt,0.01244884375773836,0.03
301,-3.494067466657725,0.08624237894710665,43_Uracil-Neopentane,43,DMCdla5,Jopt,Jopt,0.01244884375773836,0.01
302,-3.4003195052537194,0.08311187519121517,43_Uracil-Neopentane,43,DMCdla5,Jopt,Jopt,0.01244884375773836,0.003
303,-1.566842195821664,0.056527909171578426,44_Ethene-Pentane,44,DMCdla5,Jopt,Jopt,-0.0005074616710771807,0.1
304,-1.661936791966582,0.054777839532866135,44_Ethene-Pentane,44,DMCdla5,Jopt,Jopt,-0.0005074616710771807,0.05
305,-1.9366487679508282,0.054843795812684705,44_Ethene-Pentane,44,DMCdla5,Jopt,Jopt,-0.0005074616710771807,0.03
306,-1.82777776747389,0.06348921099497572,44_Ethene-Pentane,44,DMCdla5,Jopt,Jopt,-0.0005074616710771807,0.01
307,-1.940158377030457,0.05937586710087249,44_Ethene-Pentane,44,DMCdla5,Jopt,Jdimer,-0.0005074616710771807,0.1
308,-1.8932107879008981,0.058434444079770095,44_Ethene-Pentane,44,DMCdla5,Jopt,Jdimer,-0.0005074616710771807,0.03
309,-1.8782513472287974,0.06354118737642092,44_Ethene-Pentane,44,DMCdla5,Jopt,Jdimer,-0.0005074616710771807,0.01
310,-1.278884946652397,0.0548031934470229,45_Ethyne-Pentane,45,DMCdla5,Jopt,Jopt,0.008355641701200511,0.1
311,-1.443417536731431,0.04863081377512558,45_Ethyne-Pentane,45,DMCdla5,Jopt,Jopt,0.008355641701200511,0.05
312,-1.6443473163126328,0.050575714555912345,45_Ethyne-Pentane,45,DMCdla5,Jopt,Jopt,0.008355641701200511,0.03
313,-1.549920542332984,0.056643028620127836,45_Ethyne-Pentane,45,DMCdla5,Jopt,Jopt,0.008355641701200511,0.01
314,-1.4940071574601461,0.058252065871983776,45_Ethyne-Pentane,45,DMCdla5,Jopt,Jdimer,0.008355641701200511,0.1
315,-1.5989048491501308,0.05408724149690307,45_Ethyne-Pentane,45,DMCdla5,Jopt,Jdimer,0.008355641701200511,0.03
316,-1.6520398070388183,0.055227322933251874,45_Ethyne-Pentane,45,DMCdla5,Jopt,Jdimer,0.008355641701200511,0.01
317,-4.609709908691002,0.07036580813013704,46_Peptide-Pentane,46,DMCdla5,Jopt,Jopt,0.02898599508625921,0.1
318,-4.091079935991729,0.06366041567965952,46_Peptide-Pentane,46,DMCdla5,Jopt,Jopt,0.02898599508625921,0.03
319,-4.052375972583832,0.08064615677276736,46_Peptide-Pentane,46,DMCdla5,Jopt,Jopt,0.02898599508625921,0.01
320,-1.618797030299902,0.0868033224005466,47_Benzene-Benzene_TS,47,DMCdla5,Jopt,Jopt,0.001468168804422021,0.7
321,-2.6007702919087023,0.09536380967627299,47_Benzene-Benzene_TS,47,DMCdla5,Jopt,Jopt,0.001468168804422021,0.1
322,-2.625620885504759,0.07091653429520081,47_Benzene-Benzene_TS,47,DMCdla5,Jopt,Jopt,0.001468168804422021,0.06
323,-2.6848127109042252,0.0812875525020903,47_Benzene-Benzene_TS,47,DMCdla5,Jopt,Jopt,0.001468168804422021,0.05
324,-2.610327297799813,0.04451363776088876,47_Benzene-Benzene_TS,47,DMCdla5,Jopt,Jopt,0.001468168804422021,0.03
325,-2.682665537307912,0.08801657184349479,47_Benzene-Benzene_TS,47,DMCdla5,Jopt,Jopt,0.001468168804422021,0.01
326,-2.582216090107977,0.10144655657290873,47_Benzene-Benzene_TS,47,DMCdla5,Jopt,Jopt,0.001468168804422021,0.003
327,-3.432589349504269,0.08699789939335188,47_Benzene-Benzene_TS,47,DMCdla5,Jopt,Jdimer,0.001468168804422021,0.7
328,-2.9661426453094464,0.0884947762389461,47_Benzene-Benzene_TS,47,DMCdla5,Jopt,Jdimer,0.001468168804422021,0.1
329,-2.948148500508978,0.0797177055304784,47_Benzene-Benzene_TS,47,DMCdla5,Jopt,Jdimer,0.001468168804422021,0.06
330,-2.7002495560009265,0.04497161476507903,47_Benzene-Benzene_TS,47,DMCdla5,Jopt,Jdimer,0.001468168804422021,0.03
331,-2.709666290509631,0.060202986212456816,47_Benzene-Benzene_TS,47,DMCdla5,Jopt,Jdimer,0.001468168804422021,0.01
332,-2.6107441503045266,0.08396502419576894,47_Benzene-Benzene_TS,47,DMCdla5,Jopt,Jdimer,0.001468168804422021,0.003
333,-4.066223497218743,0.09111852986868778,48_Pyridine-Pyridine_TS,48,DMCdla5,Jopt,Jopt,-0.001693881582468748,0.1
334,-3.672603308215912,0.08344466573757178,48_Pyridine-Pyridine_TS,48,DMCdla5,Jopt,Jopt,-0.001693881582468748,0.05
335,-3.577890064821986,0.06415284810086848,48_Pyridine-Pyridine_TS,48,DMCdla5,Jopt,Jopt,-0.001693881582468748,0.03
336,-3.4913892666154425,0.10215075332587897,48_Pyridine-Pyridine_TS,48,DMCdla5,Jopt,Jopt,-0.001693881582468748,0.01
337,-3.6162949752178974,0.08967411372659832,48_Pyridine-Pyridine_TS,48,DMCdla5,Jopt,Jdimer,-0.001693881582468748,0.1
338,-3.5072744600183796,0.0684532981202921,48_Pyridine-Pyridine_TS,48,DMCdla5,Jopt,Jdimer,-0.001693881582468748,0.03
339,-3.4356803498158115,0.10183316645579453,48_Pyridine-Pyridine_TS,48,DMCdla5,Jopt,Jdimer,-0.001693881582468748,0.01
340,-3.5154910153760284,0.08111079288377543,49_Benzene-Pyridine_TS,49,DMCdla5,Jopt,Jopt,0.0022912644781172276,0.1
341,-3.2857915412787406,0.07229562380262647,49_Benzene-Pyridine_TS,49,DMCdla5,Jopt,Jopt,0.0022912644781172276,0.05
342,-3.101237466380553,0.06142922036274909,49_Benzene-Pyridine_TS,49,DMCdla5,Jopt,Jopt,0.0022912644781172276,0.03
343,-3.1206062979799754,0.07849388211214436,49_Benzene-Pyridine_TS,49,DMCdla5,Jopt,Jopt,0.0022912644781172276,0.01
344,-3.1383733567781746,0.07130619790940583,49_Benzene-Pyridine_TS,49,DMCdla5,Jopt,Jopt,0.0022912644781172276,0.003
345,-3.4732129310759774,0.07872701617260673,49_Benzene-Pyridine_TS,49,DMCdla5,Jopt,Jdimer,0.0022912644781172276,0.1
346,-3.1108907930793066,0.06266068294685329,49_Benzene-Pyridine_TS,49,DMCdla5,Jopt,Jdimer,0.0022912644781172276,0.03
347,-3.1062522161810193,0.07151548456685106,49_Benzene-Pyridine_TS,49,DMCdla5,Jopt,Jdimer,0.0022912644781172276,0.01
348,-3.132728542175755,0.07271187771035138,49_Benzene-Pyridine_TS,49,DMCdla5,Jopt,Jdimer,0.0022912644781172276,0.003
349,-2.664181149239994,0.06526923989007652,50_Benzene-Ethyne_CH-pi,50,DMCdla5,Jopt,Jopt,-0.01608233711158391,0.1
350,-2.7679260555169094,0.056124727517743604,50_Benzene-Ethyne_CH-pi,50,DMCdla5,Jopt,Jopt,-0.01608233711158391,0.05
351,-2.7620130318982774,0.04338368869575792,50_Benzene-Ethyne_CH-pi,50,DMCdla5,Jopt,Jopt,-0.01608233711158391,0.03
352,-2.8707098455188316,0.06074781309934123,50_Benzene-Ethyne_CH-pi,50,DMCdla5,Jopt,Jopt,-0.01608233711158391,0.01
353,-2.909297074850656,0.06356850414614379,50_Benzene-Ethyne_CH-pi,50,DMCdla5,Jopt,Jdimer,-0.01608233711158391,0.1
354,-2.836857551738831,0.04432913624605292,50_Benzene-Ethyne_CH-pi,50,DMCdla5,Jopt,Jdimer,-0.01608233711158391,0.03
355,-2.9391864713297764,0.05094156073547325,50_Benzene-Ethyne_CH-pi,50,DMCdla5,Jopt,Jdimer,-0.01608233711158391,0.01
356,-1.7081957066602627,0.04609625829747385,51_Ethyne-Ethyne_TS,51,DMCdla5,Jopt,Jopt,-0.056367904238868505,0.1
357,-1.6233339383215935,0.041964900406894816,51_Ethyne-Ethyne_TS,51,DMCdla5,Jopt,Jopt,-0.056367904238868505,0.05
358,-1.667297065781895,0.038595801890720115,51_Ethyne-Ethyne_TS,51,DMCdla5,Jopt,Jopt,-0.056367904238868505,0.03
359,-1.5126948340202944,0.04802353332094502,51_Ethyne-Ethyne_TS,51,DMCdla5,Jopt,Jopt,-0.056367904238868505,0.01
360,-1.8330552044808428,0.05011307192358576,51_Ethyne-Ethyne_TS,51,DMCdla5,Jopt,Jdimer,-0.056367904238868505,0.1
361,-1.7270638472618884,0.04219437447811519,51_Ethyne-Ethyne_TS,51,DMCdla5,Jopt,Jdimer,-0.056367904238868505,0.03
362,-1.622647332440465,0.045252186445136504,51_Ethyne-Ethyne_TS,51,DMCdla5,Jopt,Jdimer,-0.056367904238868505,0.01
363,-4.681849440465157,0.08322833347955495,52_Benzene-AcOH_OH-pi,52,DMCdla5,Jopt,Jopt,0.018470864568371326,0.1
364,-4.673617794665915,0.06176896945076625,52_Benzene-AcOH_OH-pi,52,DMCdla5,Jopt,Jopt,0.018470864568371326,0.03
365,-4.584797837371298,0.08664853889418123,52_Benzene-AcOH_OH-pi,52,DMCdla5,Jopt,Jopt,0.018470864568371326,0.01
366,-4.6534919535661174,0.08439144273133554,52_Benzene-AcOH_OH-pi,52,DMCdla5,Jopt,Jdimer,0.018470864568371326,0.1
367,-4.7008673984673806,0.06100185801641855,52_Benzene-AcOH_OH-pi,52,DMCdla5,Jopt,Jdimer,0.018470864568371326,0.03
368,-4.613677672172344,0.07902006050374659,52_Benzene-AcOH_OH-pi,52,DMCdla5,Jopt,Jdimer,0.018470864568371326,0.01
369,-4.535713167566428,0.07212286243329888,53_Benzene-AcNH2_NH-pi,53,DMCdla5,Jopt,Jopt,0.041799982864176854,0.1
370,-4.3013947646613815,0.058766919662634816,53_Benzene-AcNH2_NH-pi,53,DMCdla5,Jopt,Jopt,0.041799982864176854,0.03
371,-4.292025864764582,0.06487973577018365,53_Benzene-AcNH2_NH-pi,53,DMCdla5,Jopt,Jopt,0.041799982864176854,0.01
372,-4.389881288865581,0.07404379012722685,53_Benzene-AcNH2_NH-pi,53,DMCdla5,Jopt,Jdimer,0.041799982864176854,0.1
373,-4.40135372826262,0.05918010086584083,53_Benzene-AcNH2_NH-pi,53,DMCdla5,Jopt,Jdimer,0.041799982864176854,0.03
374,-4.287604527064104,0.059391807705109406,53_Benzene-AcNH2_NH-pi,53,DMCdla5,Jopt,Jdimer,0.041799982864176854,0.01
375,-3.630278449427351,0.06297138371513293,54_Benzene-Water_OH-pi,54,DMCdla5,Jopt,Jopt,0.044323548921965994,0.1
376,-3.248748160822288,0.05334707736668025,54_Benzene-Water_OH-pi,54,DMCdla5,Jopt,Jopt,0.044323548921965994,0.05
377,-3.2809538917226746,0.04628254762051856,54_Benzene-Water_OH-pi,54,DMCdla5,Jopt,Jopt,0.044323548921965994,0.03
378,-3.193271072123025,0.06205681907161376,54_Benzene-Water_OH-pi,54,DMCdla5,Jopt,Jopt,0.044323548921965994,0.01
379,-3.9304308733262587,0.060196740697811474,54_Benzene-Water_OH-pi,54,DMCdla5,Jopt,Jdimer,0.044323548921965994,0.1
380,-3.3590589369232475,0.04699440225872613,54_Benzene-Water_OH-pi,54,DMCdla5,Jopt,Jdimer,0.044323548921965994,0.03
381,-3.220706700523806,0.053269549220544,54_Benzene-Water_OH-pi,54,DMCdla5,Jopt,Jdimer,0.044323548921965994,0.01
382,-3.8831566566550464,0.06890854126572994,55_Benzene-MeOH_OH-pi,55,DMCdla5,Jopt,Jopt,0.003973286249674857,0.1
383,-3.9645931934483087,0.05693397955538583,55_Benzene-MeOH_OH-pi,55,DMCdla5,Jopt,Jopt,0.003973286249674857,0.05
384,-4.019473623548038,0.04856152974996461,55_Benzene-MeOH_OH-pi,55,DMCdla5,Jopt,Jopt,0.003973286249674857,0.03
385,-3.9848459687491413,0.06607645941577273,55_Benzene-MeOH_OH-pi,55,DMCdla5,Jopt,Jopt,0.003973286249674857,0.01
386,-4.343081927154344,0.06601963576702916,55_Benzene-MeOH_OH-pi,55,DMCdla5,Jopt,Jdimer,0.003973286249674857,0.1
387,-4.084500669849149,0.04958587690392035,55_Benzene-MeOH_OH-pi,55,DMCdla5,Jopt,Jdimer,0.003973286249674857,0.03
388,-4.010004881451096,0.057469823569813165,55_Benzene-MeOH_OH-pi,55,DMCdla5,Jopt,Jdimer,0.003973286249674857,0.01
389,-2.9111849898690707,0.06749865123746267,56_Benzene-MeNH2_NH-pi,56,DMCdla5,Jopt,Jopt,-0.0005966298340354115,0.1
390,-2.9071313455642667,0.057146292458068355,56_Benzene-MeNH2_NH-pi,56,DMCdla5,Jopt,Jopt,-0.0005966298340354115,0.05
391,-2.949574418564225,0.050687187463006544,56_Benzene-MeNH2_NH-pi,56,DMCdla5,Jopt,Jopt,-0.0005966298340354115,0.03
392,-3.081613343762001,0.0643598957150751,56_Benzene-MeNH2_NH-pi,56,DMCdla5,Jopt,Jopt,-0.0005966298340354115,0.01
393,-3.1232701986682514,0.06426952438876986,56_Benzene-MeNH2_NH-pi,56,DMCdla5,Jopt,Jdimer,-0.0005966298340354115,0.1
394,-2.991961012365209,0.05060958116980601,56_Benzene-MeNH2_NH-pi,56,DMCdla5,Jopt,Jdimer,-0.0005966298340354115,0.03
395,-3.032990838462865,0.05583543925092511,56_Benzene-MeNH2_NH-pi,56,DMCdla5,Jopt,Jdimer,-0.0005966298340354115,0.01
396,-5.4016654073602695,0.07968284114408483,57_Benzene-Peptide_NH-pi,57,DMCdla5,Jopt,Jopt,0.0027571854589041322,0.1
397,-5.1958019465600955,0.06563667181074632,57_Benzene-Peptide_NH-pi,57,DMCdla5,Jopt,Jopt,0.0027571854589041322,0.05
398,-5.171848162255628,0.06596680294185812,57_Benzene-Peptide_NH-pi,57,DMCdla5,Jopt,Jopt,0.0027571854589041322,0.03
399,-5.142658467262663,0.07329607501891691,57_Benzene-Peptide_NH-pi,57,DMCdla5,Jopt,Jopt,0.0027571854589041322,0.01
400,-6.014643259361037,0.07825824890842857,57_Benzene-Peptide_NH-pi,57,DMCdla5,Jopt,Jdimer,0.0027571854589041322,0.1
401,-5.393912706054834,0.06605824507053265,57_Benzene-Peptide_NH-pi,57,DMCdla5,Jopt,Jdimer,0.0027571854589041322,0.03
402,-5.169815387162089,0.06970887901034883,57_Benzene-Peptide_NH-pi,57,DMCdla5,Jopt,Jdimer,0.0027571854589041322,0.01
403,-4.403533323231386,0.08990517408649362,58_Pyridine-Pyridine_CH-N,58,DMCdla5,Jopt,Jopt,0.035279159928904846,0.1
404,-4.383390321425395,0.08347819203648553,58_Pyridine-Pyridine_CH-N,58,DMCdla5,Jopt,Jopt,0.035279159928904846,0.05
405,-4.312950320832897,0.06093113274934948,58_Pyridine-Pyridine_CH-N,58,DMCdla5,Jopt,Jopt,0.035279159928904846,0.03
406,-4.479552132324898,0.09841175463968965,58_Pyridine-Pyridine_CH-N,58,DMCdla5,Jopt,Jopt,0.035279159928904846,0.01
407,-3.95360480123054,0.08844094365588075,58_Pyridine-Pyridine_CH-N,58,DMCdla5,Jopt,Jdimer,0.035279159928904846,0.1
408,-4.242334716029291,0.06544363255666154,58_Pyridine-Pyridine_CH-N,58,DMCdla5,Jopt,Jdimer,0.035279159928904846,0.03
409,-4.423843215525267,0.09808206174745442,58_Pyridine-Pyridine_CH-N,58,DMCdla5,Jopt,Jdimer,0.035279159928904846,0.01
410,-3.5121822578239517,0.04461238376848752,59_Ethyne-Water_CH-O,59,DMCdla5,Jopt,Jopt,-0.011488701427879278,0.1
411,-3.185337311901094,0.033174437266809825,59_Ethyne-Water_CH-O,59,DMCdla5,Jopt,Jopt,-0.011488701427879278,0.05
412,-3.146375295282269,0.033752079140414,59_Ethyne-Water_CH-O,59,DMCdla5,Jopt,Jopt,-0.011488701427879278,0.03
413,-3.0475028713044594,0.03690197949365565,59_Ethyne-Water_CH-O,59,DMCdla5,Jopt,Jopt,-0.011488701427879278,0.01
414,-3.6920782539309585,0.04539673600484327,59_Ethyne-Water_CH-O,59,DMCdla5,Jopt,Jdimer,-0.011488701427879278,0.1
415,-3.2094026021222817,0.03560953885190495,59_Ethyne-Water_CH-O,59,DMCdla5,Jopt,Jdimer,-0.011488701427879278,0.03
416,-3.116414372312647,0.03625405729471475,59_Ethyne-Water_CH-O,59,DMCdla5,Jopt,Jdimer,-0.011488701427879278,0.01
417,-5.213314191587415,0.06433044450334165,60_Ethyne-AcOH_OH-pi,60,DMCdla5,Jopt,Jopt,0.024343288634554483,0.1
418,-5.048896722240897,0.05752991187052577,60_Ethyne-AcOH_OH-pi,60,DMCdla5,Jopt,Jopt,0.024343288634554483,0.03
419,-5.0461231608678645,0.06300003747489123,60_Ethyne-AcOH_OH-pi,60,DMCdla5,Jopt,Jopt,0.024343288634554483,0.01
420,-4.0400009406257595,0.07285182211349162,61_Pentane-AcOH,61,DMCdla5,Jopt,Jopt,0.033418362523661926,0.1
421,-2.9345179498268408,0.06620142312104782,61_Pentane-AcOH,61,DMCdla5,Jopt,Jopt,0.033418362523661926,0.03
422,-2.58734184552668,0.07135380325848587,61_Pentane-AcOH,61,DMCdla5,Jopt,Jopt,0.033418362523661926,0.01
423,-2.777774869926361,0.07015267932999544,61_Pentane-AcOH,61,DMCdla5,Jopt,Jopt,0.033418362523661926,0.003
424,-3.9997282683580124,0.07427327456565522,62_Pentane-AcNH2,62,DMCdla5,Jopt,Jopt,0.031438339559827,0.1
425,-3.4025162941616145,0.06292697914994544,62_Pentane-AcNH2,62,DMCdla5,Jopt,Jopt,0.031438339559827,0.03
426,-3.2762766340638336,0.0706844514560567,62_Pentane-AcNH2,62,DMCdla5,Jopt,Jopt,0.031438339559827,0.01
427,-3.215191424755176,0.0672344569820592,62_Pentane-AcNH2,62,DMCdla5,Jopt,Jopt,0.031438339559827,0.003
428,-3.484481236573629,0.07515070881960251,63_Benzene-AcOH,63,DMCdla5,Jopt,Jopt,0.002205171069363132,0.1
429,-3.4215645295698778,0.06279127025696186,63_Benzene-AcOH,63,DMCdla5,Jopt,Jopt,0.002205171069363132,0.03
430,-3.654619761269714,0.0646745142686228,63_Benzene-AcOH,63,DMCdla5,Jopt,Jopt,0.002205171069363132,0.01
431,-3.614525472774403,0.0746487878571394,63_Benzene-AcOH,63,DMCdla5,Jopt,Jopt,0.002205171069363132,0.003
432,-2.7477410432293254,0.06504955094837549,64_Peptide-Ethene,64,DMCdla5,Jopt,Jopt,0.017556906437675934,0.1
433,-2.726028014854819,0.06767174739942687,64_Peptide-Ethene,64,DMCdla5,Jopt,Jopt,0.017556906437675934,0.03
434,-2.8638962163731776,0.06556584098322905,64_Peptide-Ethene,64,DMCdla5,Jopt,Jopt,0.017556906437675934,0.01
435,-4.2386759309620174,0.060315202134363685,65_Pyridine-Ethyne,65,DMCdla5,Jopt,Jopt,0.022383408511814196,0.1
436,-4.227033098738502,0.05696041949837887,65_Pyridine-Ethyne,65,DMCdla5,Jopt,Jopt,0.022383408511814196,0.05
437,-4.291965695924773,0.04669478537986533,65_Pyridine-Ethyne,65,DMCdla5,Jopt,Jopt,0.022383408511814196,0.03
438,-4.2699266481422455,0.06169444584249093,65_Pyridine-Ethyne,65,DMCdla5,Jopt,Jopt,0.022383408511814196,0.01
439,-4.0761414188718845,0.06057435424717211,65_Pyridine-Ethyne,65,DMCdla5,Jopt,Jdimer,0.022383408511814196,0.1
440,-4.286541284262967,0.04894539647605004,65_Pyridine-Ethyne,65,DMCdla5,Jopt,Jdimer,0.022383408511814196,0.03
441,-4.297048438952515,0.061035925081165614,65_Pyridine-Ethyne,65,DMCdla5,Jopt,Jdimer,0.022383408511814196,0.01
442,-3.8211449168120453,0.06486588253006564,66_MeNH2-Pyridine,66,DMCdla5,Jopt,Jopt,0.0012866949109593406,0.1
443,-3.7778178297121485,0.060745382962638914,66_MeNH2-Pyridine,66,DMCdla5,Jopt,Jopt,0.0012866949109593406,0.05
444,-3.9765137532122026,0.04829070901055519,66_MeNH2-Pyridine,66,DMCdla5,Jopt,Jopt,0.0012866949109593406,0.03
445,-3.995998202208284,0.0648436859551519,66_MeNH2-Pyridine,66,DMCdla5,Jopt,Jopt,0.0012866949109593406,0.01
446,-3.625579687908612,0.06350223856754299,66_MeNH2-Pyridine,66,DMCdla5,Jopt,Jdimer,0.0012866949109593406,0.1
447,-3.9386314155126456,0.04956260978873781,66_MeNH2-Pyridine,66,DMCdla5,Jopt,Jdimer,0.0012866949109593406,0.03
448,-3.9060208619084733,0.06476524837462579,66_MeNH2-Pyridine,66,DMCdla5,Jopt,Jdimer,0.0012866949109593406,0.01
